subtype	TCGA-A1-A0SK	TCGA-A1-A0SO	TCGA-A1-A0SP	TCGA-A2-A04P	TCGA-A2-A04Q	TCGA-A2-A04T	TCGA-A2-A04U	TCGA-A2-A0CM	TCGA-A2-A0D0	TCGA-A2-A0D2	TCGA-A2-A0ST	TCGA-A2-A0SX	TCGA-A2-A0T0	TCGA-A2-A0T2	TCGA-A2-A0YE	TCGA-A2-A0YJ	TCGA-A2-A0YM	TCGA-A2-A1G1	TCGA-A2-A25F	TCGA-A2-A3XU	TCGA-A2-A3Y0	TCGA-A2-A4S1	TCGA-A7-A0CE	TCGA-A7-A0DA	TCGA-A7-A13D	TCGA-A7-A13E	TCGA-A7-A26F	TCGA-A7-A26G	TCGA-A7-A26I	TCGA-A7-A4SE	TCGA-A7-A5ZV	TCGA-A7-A6VV	TCGA-A7-A6VW	TCGA-A7-A6VY	TCGA-A8-A07O	TCGA-A8-A07R	TCGA-A8-A07U	TCGA-A8-A08R	TCGA-AC-A2BK	TCGA-AC-A2QH	TCGA-AC-A62X	TCGA-AC-A6IW	TCGA-AC-A7VC	TCGA-AC-A8OQ	TCGA-AN-A04D	TCGA-AN-A0AL	TCGA-AN-A0AR	TCGA-AN-A0AT	TCGA-AN-A0FJ	TCGA-AN-A0FL	TCGA-AN-A0FX	TCGA-AN-A0G0	TCGA-AN-A0XU	TCGA-AO-A0J4	TCGA-AO-A0J6	TCGA-AO-A124	TCGA-AO-A128	TCGA-AO-A12F	TCGA-AO-A1KR	TCGA-AQ-A04J	TCGA-AQ-A54N	TCGA-AR-A0TP	TCGA-AR-A0TS	TCGA-AR-A0TU	TCGA-AR-A0U0	TCGA-AR-A0U1	TCGA-AR-A1AH	TCGA-AR-A1AI	TCGA-AR-A1AJ	TCGA-AR-A1AQ	TCGA-AR-A1AR	TCGA-AR-A1AY	TCGA-AR-A24Q	TCGA-AR-A251	TCGA-AR-A256	TCGA-AR-A2LR	TCGA-AR-A5QQ	TCGA-B6-A0I2	TCGA-B6-A0I6	TCGA-B6-A0IJ	TCGA-B6-A0RE	TCGA-B6-A0RT	TCGA-B6-A0RU	TCGA-B6-A0WX	TCGA-B6-A0X1	TCGA-B6-A1KF	TCGA-B6-A409	TCGA-BH-A0AV	TCGA-BH-A0B3	TCGA-BH-A0B9	TCGA-BH-A0BL	TCGA-BH-A0BW	TCGA-BH-A0DL	TCGA-BH-A0E0	TCGA-BH-A0RX	TCGA-BH-A0WA	TCGA-BH-A18G	TCGA-BH-A18Q	TCGA-BH-A18T	TCGA-BH-A18V	TCGA-BH-A1F0	TCGA-BH-A1F6	TCGA-BH-A1FC	TCGA-BH-A5IZ	TCGA-C8-A12K	TCGA-C8-A12V	TCGA-C8-A131	TCGA-C8-A134	TCGA-C8-A1HJ	TCGA-C8-A27B	TCGA-D8-A142	TCGA-D8-A143	TCGA-D8-A147	TCGA-D8-A1JK	TCGA-D8-A1JL	TCGA-D8-A1JM	TCGA-D8-A1XK	TCGA-D8-A1XQ	TCGA-D8-A27F	TCGA-D8-A27H	TCGA-D8-A27M	TCGA-E2-A14N	TCGA-E2-A14R	TCGA-E2-A14X	TCGA-E2-A14Y	TCGA-E2-A150	TCGA-E2-A158	TCGA-E2-A159	TCGA-E2-A1AZ	TCGA-E2-A1B6	TCGA-E2-A1II	TCGA-E2-A1LG	TCGA-E2-A1LH	TCGA-E2-A1LK	TCGA-E2-A1LL	TCGA-E2-A1LS	TCGA-E2-A573	TCGA-E2-A574	TCGA-E9-A1N8	TCGA-E9-A1N9	TCGA-E9-A1NC	TCGA-E9-A1ND	TCGA-E9-A22G	TCGA-E9-A243	TCGA-E9-A244	TCGA-E9-A5FL	TCGA-EW-A1P4	TCGA-EW-A1P8	TCGA-EW-A1PB	TCGA-EW-A1PH	TCGA-EW-A6SB	TCGA-GM-A2DF	TCGA-GM-A3XL	TCGA-HN-A2NL	TCGA-LL-A5YP	TCGA-LL-A6FR	TCGA-LL-A73Y	TCGA-LL-A8F5	TCGA-OL-A5D7	TCGA-OL-A5RW	TCGA-OL-A5S0	TCGA-OL-A66I	TCGA-OL-A6VO	TCGA-PL-A8LV	TCGA-PL-A8LZ	TCGA-S3-AA0Z	TCGA-S3-AA10	TCGA-S3-AA15
A[C>A]A	2	5	0	2	0	6	0	0	0	2	0	0	2	0	0	0	2	1	0	0	1	2	0	2	2	1	0	1	0	0	3	2	0	0	0	2	0	4	0	0	0	0	1	1	2	2	0	3	0	2	0	0	2	2	0	0	0	1	1	3	0	1	1	1	0	1	2	0	0	0	2	1	1	1	3	1	0	0	2	2	2	0	2	0	0	2	0	0	1	0	0	0	1	0	0	1	0	3	2	3	0	0	1	1	2	0	2	1	2	1	2	0	4	3	2	1	5	2	2	0	0	1	0	0	0	0	0	0	1	0	0	0	2	0	2	0	0	1	0	0	2	0	2	1	2	0	0	0	2	0	2	0	1	0	2	0	1	1	1	0	0	0	0	0	2	1	1	0
A[C>A]C	2	7	1	4	2	1	0	0	0	0	0	0	1	0	0	2	1	0	0	1	2	1	1	5	17	0	0	1	0	0	3	0	1	1	1	5	0	4	3	0	1	2	1	4	3	0	3	1	2	1	0	0	6	0	5	1	1	0	2	0	0	3	2	3	1	1	2	1	0	2	2	0	2	4	5	1	0	1	9	4	2	2	0	2	1	1	1	1	1	0	1	2	1	0	1	0	5	1	2	3	0	0	0	1	0	2	2	1	1	0	0	2	1	0	3	1	2	9	1	1	0	2	2	0	0	0	1	4	1	1	1	1	0	0	0	0	2	0	1	1	0	1	0	0	1	1	1	0	1	0	0	1	0	1	1	0	1	4	0	3	0	0	1	5	2	0	0	0
A[C>A]G	0	5	0	0	0	0	0	0	0	0	0	0	0	0	0	1	1	0	0	1	0	1	0	2	0	3	1	0	0	1	0	0	0	0	0	1	0	0	0	0	1	0	1	1	0	0	0	1	1	0	0	0	2	0	0	0	1	0	0	0	1	0	2	0	0	0	1	0	0	0	0	0	0	1	3	1	0	0	0	0	0	0	0	0	0	0	0	0	0	0	0	0	0	1	0	0	1	0	0	1	1	0	0	1	1	0	1	0	0	0	2	0	0	2	0	0	4	2	1	0	0	0	0	0	0	0	0	1	1	0	0	0	0	1	0	0	0	0	0	1	1	0	1	0	1	0	1	0	0	0	0	1	0	0	0	0	0	2	0	1	0	0	0	1	1	0	0	0
A[C>A]T	0	8	0	1	0	1	0	0	1	0	0	0	0	0	0	1	1	2	0	0	4	1	0	3	0	0	0	0	0	2	0	1	1	1	0	0	1	3	2	0	0	0	0	1	1	1	4	1	4	2	1	0	3	1	0	1	1	0	1	0	0	0	0	0	0	1	2	1	0	0	0	2	0	4	0	2	0	0	0	2	2	2	1	0	1	0	0	0	0	0	0	1	0	0	0	1	4	0	0	0	0	0	1	0	0	0	1	0	0	2	1	1	1	1	2	1	3	6	0	0	0	2	3	0	0	0	2	2	0	0	0	0	0	0	3	2	1	1	0	0	1	0	2	1	1	1	0	0	1	0	0	0	0	1	2	1	0	0	0	2	1	0	0	1	1	1	0	0
A[C>G]A	2	4	0	1	1	1	2	0	1	1	0	0	2	0	0	1	1	1	0	0	2	1	2	2	11	0	3	0	2	0	3	0	0	2	0	6	0	1	2	1	0	1	0	1	2	1	0	3	4	0	0	0	3	2	3	4	0	0	0	0	0	1	1	2	0	0	0	0	0	1	0	1	3	0	0	0	0	0	4	0	4	0	0	0	0	0	0	0	0	0	0	1	0	0	0	1	0	0	3	2	0	0	1	1	3	0	2	1	1	0	0	0	0	0	0	0	1	1	1	2	1	1	0	0	0	0	2	0	0	0	1	0	6	0	0	0	1	1	0	1	1	0	1	0	2	2	1	0	3	0	2	0	2	1	1	0	0	2	1	1	0	1	0	1	1	1	3	0
A[C>G]C	1	3	0	1	0	0	0	1	1	2	0	0	2	0	0	1	1	0	0	0	2	0	0	2	0	0	0	1	2	3	5	0	0	0	1	2	0	4	1	0	0	0	0	1	3	1	0	5	0	3	0	0	1	0	2	2	1	0	1	0	0	0	0	0	0	1	1	0	0	0	0	0	5	1	0	0	0	0	5	1	3	1	0	1	2	0	0	0	0	0	0	0	0	0	0	0	2	1	0	1	0	0	1	0	2	1	0	1	0	4	0	1	1	0	1	0	3	3	0	0	3	1	1	0	0	0	2	0	0	2	0	0	2	0	0	0	0	2	0	0	1	0	2	0	0	0	0	0	3	0	0	0	0	1	2	0	0	2	0	1	0	0	0	0	1	0	2	0
A[C>G]G	0	1	1	1	0	0	1	0	1	0	0	0	2	0	1	2	1	0	0	1	0	1	2	1	6	0	0	2	0	0	3	0	0	3	0	2	0	1	0	0	0	2	0	1	0	0	2	1	2	1	0	0	0	1	1	2	1	1	1	0	5	2	2	1	0	1	3	0	1	0	0	0	0	1	2	0	1	0	0	2	4	1	0	1	2	0	0	0	0	1	0	0	0	0	0	0	0	0	2	1	1	2	0	0	0	0	0	1	1	1	3	0	2	1	0	0	3	2	1	1	0	1	2	0	0	0	0	2	0	0	0	0	1	0	0	0	0	2	0	0	0	1	0	0	0	1	1	1	1	0	1	0	1	0	0	0	0	0	0	1	0	2	0	1	1	0	1	0
A[C>G]T	1	4	0	4	0	1	0	0	2	3	0	0	2	0	0	2	0	0	0	1	3	2	0	6	7	0	0	0	0	1	0	0	0	0	0	4	0	2	1	0	0	3	0	0	1	0	4	1	1	0	3	0	0	1	0	1	2	0	1	0	1	1	0	0	0	0	2	1	0	1	0	0	1	5	5	1	0	0	2	3	0	0	0	0	0	0	0	1	0	0	0	1	0	0	0	2	1	3	0	3	1	0	1	2	2	1	0	1	3	1	1	2	0	2	1	1	2	3	0	4	1	2	1	0	0	0	0	1	0	2	0	0	3	0	0	1	0	0	1	0	1	3	0	1	3	1	2	0	0	0	0	1	3	1	1	0	0	1	0	2	1	0	0	0	0	0	1	0
A[C>T]A	1	3	3	4	0	2	0	0	2	1	0	0	4	0	0	0	0	0	0	0	3	0	0	3	6	2	0	0	0	1	1	2	0	1	1	3	2	2	2	0	0	0	0	0	3	1	1	2	2	0	3	0	1	2	4	4	14	2	3	1	2	0	1	0	1	0	0	4	1	2	1	0	3	1	5	1	0	3	7	1	1	0	1	0	2	0	0	1	2	0	0	1	0	0	1	1	24	4	1	2	1	0	1	0	0	0	1	1	0	1	2	1	1	2	2	0	4	15	3	1	1	1	0	1	0	1	2	1	0	0	0	0	2	1	1	0	1	1	0	0	2	0	0	2	1	0	0	0	2	0	0	1	2	1	0	0	0	4	1	0	1	0	0	3	0	0	4	0
A[C>T]C	2	4	0	3	1	4	0	0	1	2	0	0	3	0	0	0	0	0	0	0	3	0	0	3	3	0	4	0	1	0	3	0	1	1	1	1	0	2	2	2	2	1	0	0	2	2	0	1	0	2	1	1	1	0	1	2	11	1	1	2	0	0	1	1	0	1	0	0	0	0	0	1	5	1	1	0	1	1	0	0	0	0	0	2	1	0	2	1	0	1	0	3	0	0	0	0	20	2	0	0	1	1	0	0	0	1	1	3	1	0	4	0	0	8	0	0	8	6	1	0	0	1	2	0	2	0	4	1	0	0	0	0	1	0	0	0	0	2	0	3	1	0	1	0	2	0	0	1	1	0	1	0	0	0	1	0	1	1	1	2	1	0	0	0	0	1	2	0
A[C>T]G	6	8	3	1	1	4	5	0	3	2	2	1	4	4	2	4	5	2	0	1	3	2	3	3	10	20	7	2	0	1	5	4	4	2	3	6	4	5	1	8	8	2	2	10	2	3	2	3	5	5	4	6	7	3	2	4	96	1	2	2	0	3	1	4	1	1	2	3	4	1	2	4	3	3	3	4	1	4	8	4	4	0	1	3	0	4	2	1	2	3	3	4	1	4	3	3	89	3	2	2	1	3	8	5	3	3	2	1	1	1	9	2	4	2	4	3	29	43	2	5	1	0	2	5	0	4	5	3	0	2	1	2	7	3	1	5	3	2	0	2	2	4	0	2	8	1	2	1	2	2	3	4	2	4	1	6	4	6	2	1	1	4	2	2	2	1	2	0
A[C>T]T	1	5	2	1	1	2	1	0	2	0	0	1	3	0	1	1	3	0	1	0	2	1	0	3	8	2	0	0	2	1	0	0	0	2	0	3	2	0	0	2	0	1	0	1	1	3	3	2	1	6	1	1	1	1	0	2	8	0	0	0	1	1	1	1	0	0	1	2	0	0	1	2	1	2	1	1	1	0	4	2	1	0	1	0	1	1	0	0	0	1	1	0	0	0	1	0	15	2	1	0	0	1	0	0	1	0	1	6	2	0	3	0	1	0	2	1	3	9	2	1	0	1	0	0	0	3	0	1	0	0	1	0	1	1	0	0	1	1	0	0	0	0	1	1	1	1	2	1	1	0	0	0	0	0	1	1	1	1	1	1	0	0	0	1	1	0	1	1
A[T>A]A	1	0	0	0	0	0	1	0	0	1	0	0	1	0	0	0	0	0	0	0	0	1	3	1	0	0	0	1	2	0	0	0	0	0	1	0	1	0	0	0	0	0	0	0	1	0	0	0	0	0	1	0	0	0	2	0	0	1	1	0	1	0	0	0	0	0	1	0	0	0	0	0	1	0	0	1	0	0	2	0	0	0	2	0	0	0	0	0	1	0	0	0	0	0	0	0	0	1	0	1	1	0	0	1	0	0	0	0	0	0	0	0	0	3	1	0	9	1	0	0	0	0	1	0	0	0	1	0	0	0	0	0	1	0	1	0	1	0	0	0	0	0	0	0	1	0	0	0	1	0	0	0	0	0	0	1	0	0	0	0	0	0	0	0	0	0	0	0
A[T>A]C	0	4	1	0	0	0	3	0	0	0	0	0	2	1	0	0	0	1	0	0	2	1	1	0	6	0	0	0	0	0	0	0	0	2	0	1	2	0	1	0	0	2	0	0	0	0	1	2	0	0	0	0	3	0	1	1	0	1	0	0	0	0	0	0	0	0	0	2	0	0	1	0	2	2	1	0	0	0	0	3	1	0	1	0	0	0	0	0	1	0	0	1	1	0	0	2	8	0	0	0	0	0	0	0	0	0	1	2	1	0	0	1	1	0	0	0	5	6	0	1	0	1	1	0	0	0	0	1	0	0	0	1	1	1	1	0	0	0	1	0	1	1	1	1	0	0	1	0	1	0	0	0	0	2	2	0	0	1	1	0	0	0	0	0	0	0	0	0
A[T>A]G	2	1	0	1	0	0	0	0	0	0	0	0	0	0	0	1	0	0	0	0	1	1	2	1	1	0	1	1	0	0	0	1	1	1	0	2	0	1	0	0	0	0	0	0	1	0	0	1	0	1	0	2	1	0	0	0	0	0	0	0	0	0	1	1	1	0	1	0	0	0	0	0	0	0	0	0	0	0	4	0	1	0	0	0	1	0	1	0	0	0	0	0	0	0	0	0	0	0	0	2	0	0	0	0	0	0	0	1	0	0	0	0	0	0	3	0	5	4	1	0	0	1	2	0	0	0	1	0	0	0	0	0	0	0	0	0	0	1	0	0	1	0	0	0	1	0	1	0	0	0	0	0	2	0	0	1	2	1	0	1	0	0	0	0	0	0	0	0
A[T>A]T	0	1	0	0	0	1	0	0	0	0	0	0	0	0	0	0	0	0	0	0	1	0	0	1	0	0	0	0	0	0	2	0	1	0	0	1	0	0	0	0	0	0	0	0	2	0	2	3	1	1	0	0	0	0	0	0	0	0	0	0	1	1	0	0	1	0	0	0	1	0	1	0	1	0	1	1	0	0	2	2	1	0	1	0	0	0	0	0	0	0	0	2	0	0	0	2	8	0	0	0	0	0	0	1	1	1	0	0	0	0	0	0	1	4	0	0	25	6	1	0	0	1	0	0	0	1	1	0	0	0	2	0	0	0	0	1	0	0	0	2	0	0	0	1	0	1	0	0	1	0	1	0	0	0	0	0	0	2	0	0	0	0	0	0	0	0	0	0
A[T>C]A	0	1	0	0	0	0	0	0	1	1	0	0	4	1	0	2	0	0	0	0	1	0	3	0	0	0	0	0	0	0	1	0	2	1	0	4	0	3	0	0	1	3	0	0	0	0	0	1	0	1	1	0	0	2	0	1	19	1	0	1	0	0	0	1	0	1	1	1	0	0	0	0	2	1	2	2	0	0	0	1	2	0	0	1	1	1	0	1	0	0	0	2	1	0	0	0	21	4	2	1	0	1	1	1	0	0	0	0	1	1	1	0	1	3	3	1	37	9	1	0	0	2	0	1	0	0	0	0	0	0	0	0	0	0	0	1	1	0	0	2	1	1	4	0	0	1	1	0	0	0	1	0	0	2	1	1	1	0	0	2	3	1	0	0	1	0	0	0
A[T>C]C	1	2	1	2	0	0	0	0	1	0	1	0	2	0	0	1	0	1	0	1	2	0	2	3	0	0	2	0	0	0	2	0	1	0	0	3	0	1	1	0	1	1	0	0	1	1	1	0	1	0	1	1	0	0	1	3	14	1	0	1	1	1	0	0	0	1	0	0	0	0	0	0	0	3	3	0	0	0	2	2	0	1	0	0	1	0	2	0	0	0	1	1	0	0	0	2	20	1	0	1	0	0	1	1	1	0	0	0	1	0	0	0	2	2	0	0	27	8	2	0	0	0	1	0	0	0	1	0	0	2	1	0	1	0	0	1	0	0	0	0	0	1	3	0	0	0	1	0	0	0	2	0	1	0	1	0	0	1	1	0	0	0	0	1	0	0	2	0
A[T>C]G	0	1	1	1	1	3	1	0	1	3	0	0	0	0	0	1	1	1	0	1	2	0	0	1	1	3	0	0	0	0	5	1	2	0	0	0	0	1	0	0	1	0	1	0	1	0	0	2	1	3	1	1	3	0	2	1	39	0	1	0	1	1	0	0	0	1	2	1	0	1	0	0	2	1	1	0	3	1	2	3	2	0	2	1	1	0	0	2	0	0	0	1	2	0	0	2	41	2	0	1	3	0	0	0	0	0	1	1	1	2	2	1	0	2	0	1	58	26	0	3	1	1	2	0	1	0	3	0	1	1	0	0	2	1	0	0	0	1	0	1	0	0	0	0	2	2	1	0	0	0	0	0	3	1	2	0	0	2	0	0	0	1	0	1	0	0	0	0
A[T>C]T	1	3	0	5	1	3	0	0	2	1	0	2	2	1	0	0	0	0	0	0	3	0	0	2	2	0	0	1	0	1	2	0	0	0	0	0	1	4	1	0	0	1	0	2	2	1	2	1	0	1	1	0	2	1	1	0	6	0	1	0	0	0	1	1	1	0	0	0	1	0	1	0	1	2	1	0	1	0	0	1	0	0	0	0	0	0	0	0	1	0	2	0	0	2	1	2	8	1	0	2	0	0	0	0	0	1	0	3	1	1	2	0	2	2	0	1	15	4	0	1	0	0	1	0	0	1	1	0	0	0	0	0	0	0	1	0	1	1	0	0	0	0	0	0	0	0	3	0	0	0	1	0	2	1	1	2	1	1	1	0	0	0	0	1	0	0	2	0
A[T>G]A	0	0	0	0	0	0	0	0	0	0	1	0	0	0	0	0	0	0	0	0	0	0	0	0	0	0	0	0	0	0	1	0	0	0	0	1	0	0	0	0	0	0	0	0	0	0	0	1	0	0	0	0	0	0	0	1	0	0	1	0	0	0	0	0	0	1	0	0	0	0	0	0	1	0	0	0	0	1	0	0	0	1	0	0	0	0	0	0	0	0	0	0	0	0	0	0	0	0	1	0	0	0	0	0	0	0	0	0	0	0	0	0	0	1	1	0	1	2	0	0	0	0	0	0	0	0	0	0	0	0	0	0	0	1	1	0	0	0	0	0	0	0	1	1	0	0	0	0	0	0	0	0	0	0	0	0	0	0	0	0	0	0	0	0	0	1	1	0
A[T>G]C	0	1	0	1	2	0	1	0	0	0	0	0	0	0	0	0	0	0	0	0	0	0	0	1	1	2	0	0	0	0	1	0	1	0	0	1	0	0	0	0	0	0	0	0	0	0	0	0	0	2	0	0	0	0	0	1	3	0	1	0	0	0	0	0	0	0	0	0	0	0	0	0	1	0	0	0	0	0	0	0	0	0	0	0	1	0	0	1	0	0	0	0	0	0	0	1	1	1	0	0	0	0	0	0	1	0	0	0	0	0	0	0	1	1	1	1	1	0	0	1	0	0	0	0	1	0	0	0	1	0	0	0	1	0	0	0	0	0	1	0	0	0	0	0	0	0	0	0	0	0	0	0	0	0	1	0	0	0	1	1	0	0	0	0	0	0	0	0
A[T>G]G	1	0	1	1	0	0	0	0	2	0	0	0	0	0	0	0	1	1	0	0	0	0	0	2	0	3	0	0	2	0	3	0	0	0	0	0	1	2	0	2	0	0	0	0	0	1	1	0	0	0	1	0	1	2	0	0	1	0	0	1	0	1	0	0	0	2	0	0	0	0	0	0	2	2	0	0	0	0	0	0	1	0	1	0	0	0	0	1	0	0	1	0	0	0	0	2	1	0	0	0	0	1	1	0	1	0	0	1	1	1	0	0	1	0	0	0	1	1	0	0	0	1	0	0	0	0	0	0	0	0	0	0	0	0	0	0	0	0	0	0	1	0	0	0	1	1	0	0	2	0	0	0	0	0	1	0	0	0	0	0	0	0	0	0	1	0	0	0
A[T>G]T	0	1	0	0	0	0	0	0	0	0	0	1	1	0	0	0	0	0	0	0	0	0	0	0	0	0	0	0	0	0	2	0	0	0	1	0	0	0	0	0	0	0	0	0	2	0	0	0	0	0	0	0	0	0	0	0	0	0	0	0	0	0	1	0	0	1	0	1	0	0	0	1	0	1	2	1	1	0	0	1	0	1	0	1	0	0	0	2	0	0	1	1	0	1	0	0	2	0	0	0	0	0	0	0	0	0	0	0	0	0	0	0	0	1	0	0	7	2	0	1	0	0	1	0	0	1	1	0	0	0	0	0	0	0	0	0	0	0	1	0	0	0	0	0	0	0	0	1	0	0	0	0	0	0	0	0	0	0	0	1	0	0	0	0	0	1	0	0
C[C>A]A	0	5	1	3	2	1	1	1	0	3	1	0	4	0	0	0	0	0	0	0	3	1	2	2	2	2	0	2	0	0	4	0	2	3	0	1	3	4	1	0	1	0	0	1	3	2	1	3	3	2	1	1	2	0	1	2	9	0	2	0	1	3	1	2	0	2	2	1	0	1	2	0	5	3	3	2	1	0	4	2	2	1	0	1	2	0	0	0	1	0	1	3	0	0	0	2	4	2	1	2	0	0	0	4	1	1	3	3	3	3	2	2	4	1	3	0	10	11	1	2	2	3	0	0	0	1	2	1	1	1	0	0	2	0	0	1	1	0	0	0	0	1	2	0	1	2	0	0	2	1	1	0	1	2	3	0	0	1	1	2	0	0	0	1	1	0	2	0
C[C>A]C	2	8	2	2	0	3	0	0	1	0	0	1	2	0	1	1	2	0	0	0	0	1	0	2	0	0	0	4	3	3	4	1	2	0	0	3	0	6	2	1	0	2	0	1	0	0	2	1	1	5	2	0	4	0	0	0	21	1	1	0	1	0	1	0	0	3	2	2	0	0	1	2	4	2	1	1	1	1	3	1	3	0	1	0	0	0	1	0	0	0	3	0	1	0	0	1	22	2	3	1	1	1	2	0	0	0	2	0	3	0	1	1	3	1	0	0	8	15	1	1	2	2	1	0	1	0	1	1	2	2	0	0	2	0	1	2	0	0	1	0	3	0	3	1	3	1	0	0	2	0	1	1	0	0	2	0	0	1	1	1	0	0	0	0	4	0	0	0
C[C>A]G	2	1	0	0	0	2	0	1	0	0	0	0	0	0	1	1	0	0	0	0	1	1	1	0	3	2	0	0	4	1	2	0	0	0	0	2	0	0	0	0	1	2	0	1	1	0	0	1	0	1	1	1	1	0	0	3	6	0	0	0	1	0	0	0	0	1	1	0	0	0	0	1	2	0	2	0	1	0	1	2	0	0	0	2	0	0	0	0	0	0	0	0	0	0	0	0	10	0	1	0	0	0	3	0	0	0	0	0	0	0	0	0	0	0	2	1	4	4	0	1	1	0	0	1	1	0	0	0	2	0	0	0	1	1	0	1	0	0	0	0	1	0	0	2	0	0	0	0	1	0	0	0	1	1	0	0	1	1	0	0	0	1	0	1	1	0	1	0
C[C>A]T	0	6	1	2	0	0	1	2	0	0	0	0	2	0	0	1	0	0	0	1	2	2	1	1	3	2	1	1	0	1	1	2	1	0	0	6	0	4	0	2	0	0	0	2	0	3	0	5	3	0	0	0	2	2	0	0	53	0	0	0	1	0	2	1	0	0	0	1	0	0	0	0	3	2	2	0	1	0	3	3	1	0	0	0	0	0	0	1	1	0	0	1	0	1	2	1	53	2	3	3	2	0	0	2	1	3	0	3	1	1	2	0	2	4	2	0	19	22	1	1	0	0	1	0	0	0	1	0	0	0	0	1	4	0	0	0	0	0	0	3	1	1	2	0	2	1	0	1	0	0	3	1	0	2	0	0	0	3	0	0	0	2	0	0	2	0	2	3
C[C>G]A	0	2	1	1	0	1	0	0	2	0	0	0	3	1	0	0	0	0	0	0	2	0	0	1	3	2	0	0	0	1	0	1	1	3	0	6	1	5	0	0	0	0	0	0	1	1	4	0	0	2	0	0	3	1	2	1	0	0	1	1	0	0	0	1	0	2	1	0	0	0	0	0	1	5	0	1	0	0	5	0	2	1	0	0	0	0	0	1	0	0	2	0	0	0	0	1	1	2	1	9	1	0	0	2	1	0	0	0	5	6	1	0	0	0	3	0	3	1	1	1	0	0	1	0	1	0	1	0	2	0	0	0	3	0	0	0	2	1	0	0	1	0	2	2	2	0	1	0	1	1	0	1	1	2	0	0	1	3	0	2	0	0	0	2	0	0	2	0
C[C>G]C	1	5	0	2	0	1	0	0	3	2	0	0	5	1	0	1	1	1	0	0	1	0	1	0	0	0	1	0	0	0	3	0	0	1	0	2	1	3	2	0	0	0	0	0	1	1	1	1	1	0	0	1	0	2	3	1	0	0	2	0	0	0	1	1	0	1	0	0	1	0	0	0	1	1	2	0	3	1	1	3	0	0	1	0	1	1	0	1	0	0	0	0	0	0	0	0	0	0	1	3	1	0	1	1	2	0	0	1	0	1	0	2	0	0	1	0	1	5	1	1	0	0	1	0	0	2	1	1	0	0	0	0	3	0	0	0	0	0	0	0	0	0	4	1	0	2	0	2	2	0	0	0	0	0	1	0	0	3	0	4	0	0	0	1	1	0	0	0
C[C>G]G	0	0	0	0	0	1	1	0	1	0	0	0	0	0	0	0	1	0	0	0	3	2	1	0	2	2	0	1	2	1	2	1	0	0	0	4	0	3	2	0	0	2	0	0	1	0	0	0	1	1	3	1	0	0	0	1	1	0	1	0	1	1	0	2	2	0	1	2	0	0	0	2	0	1	1	0	1	0	2	0	0	1	0	0	1	0	0	0	0	0	0	2	1	2	0	0	2	0	3	1	0	1	1	0	0	1	1	2	1	1	1	0	2	3	0	0	0	3	0	3	0	0	0	0	1	1	0	0	0	1	1	0	1	0	1	0	1	0	0	3	0	0	0	2	2	0	0	4	0	0	0	1	2	0	0	0	0	1	2	1	1	1	0	0	1	0	0	0
C[C>G]T	1	3	1	4	1	3	1	0	0	3	0	0	3	1	0	2	0	0	0	0	4	1	2	4	0	2	1	0	0	3	2	0	2	1	0	3	1	4	3	0	0	2	0	0	0	1	3	0	1	4	0	1	4	3	3	1	1	0	1	1	0	1	2	1	0	2	2	0	0	1	0	0	2	0	7	0	0	0	0	5	1	0	1	0	1	0	0	3	1	0	1	0	0	0	0	2	2	1	3	2	0	0	2	1	3	0	0	2	1	4	0	0	3	0	1	0	1	4	0	3	1	2	4	0	0	2	5	1	1	0	0	0	5	0	2	0	1	1	0	1	1	2	0	1	0	1	0	0	0	0	1	1	1	0	0	1	1	3	1	4	0	1	0	1	1	0	0	0
C[C>T]A	2	4	1	5	1	0	2	1	1	4	2	1	0	0	1	0	0	0	0	0	5	0	3	4	4	0	5	3	0	1	1	0	1	0	0	4	0	5	0	1	0	2	2	0	2	2	1	2	2	2	1	1	3	1	0	0	6	1	3	2	2	1	1	1	2	4	0	2	0	0	4	0	0	4	5	2	1	0	3	1	3	0	1	0	0	1	0	0	0	0	1	2	0	0	1	2	12	2	3	3	5	2	0	0	3	0	0	0	1	2	0	1	1	4	1	1	4	6	0	3	0	3	0	1	0	2	3	0	1	0	1	4	4	0	1	1	0	0	0	0	0	1	1	0	2	3	1	0	1	0	1	0	1	2	0	0	3	4	1	1	0	0	0	1	3	0	0	0
C[C>T]C	0	4	1	1	2	0	1	1	0	1	0	1	2	0	1	0	0	1	0	0	3	0	2	1	2	0	0	0	0	2	5	2	2	2	2	4	1	4	0	0	0	5	0	2	1	0	2	1	0	1	2	1	5	1	0	0	10	0	1	4	2	1	0	1	0	1	2	3	0	0	0	2	1	2	4	1	1	0	0	1	1	0	0	0	3	1	0	4	0	2	1	1	0	0	0	1	15	2	0	1	0	0	1	2	3	0	1	1	1	0	3	1	1	3	0	0	4	7	1	1	0	1	2	0	0	1	0	0	1	1	0	1	0	1	0	1	0	2	0	0	0	1	3	1	2	2	0	0	3	0	1	1	2	1	3	0	0	2	0	2	0	1	0	3	3	0	3	1
C[C>T]G	3	6	3	4	1	4	1	1	2	0	0	0	1	2	3	4	8	1	0	3	4	5	1	3	16	8	5	0	5	0	10	1	1	3	5	8	2	5	6	2	7	4	0	5	3	2	2	0	3	9	5	2	3	4	3	3	79	4	3	2	2	1	5	0	1	3	0	0	0	2	1	2	1	4	2	1	4	4	6	0	4	1	2	3	3	1	4	1	2	0	2	1	3	4	5	5	66	2	3	2	2	2	1	2	1	0	1	2	3	2	6	3	1	6	1	4	27	44	0	2	3	1	3	0	2	3	3	4	0	1	1	2	5	4	1	0	3	4	0	6	1	4	4	0	4	3	3	1	4	6	7	3	5	3	0	0	4	6	4	1	4	2	1	2	3	7	3	0
C[C>T]T	1	9	0	0	2	1	0	1	1	1	1	0	2	0	1	2	1	1	0	0	5	1	3	0	4	4	2	2	3	0	2	3	1	3	0	5	0	8	0	0	2	0	0	1	1	4	3	1	2	2	0	0	3	3	1	3	6	0	1	1	0	1	1	2	1	0	2	1	1	1	3	1	3	6	5	2	0	0	4	4	2	3	0	0	1	3	2	2	0	1	1	0	1	1	0	1	15	0	1	3	3	0	1	0	7	3	0	4	0	4	3	1	2	7	3	0	5	12	1	1	1	3	1	1	1	0	1	1	1	2	0	0	6	0	3	1	1	0	0	0	1	2	2	0	2	3	1	1	1	0	0	4	1	2	2	0	0	3	1	4	1	1	1	1	1	1	3	0
C[T>A]A	0	0	0	1	0	0	0	1	0	0	0	0	1	0	0	0	1	0	0	1	0	0	1	1	0	0	0	0	1	0	0	0	0	0	0	2	0	1	0	0	0	1	0	0	0	0	0	0	0	0	0	0	1	0	0	1	0	0	0	1	0	0	0	0	0	2	0	0	0	0	0	0	1	0	2	0	0	0	2	0	0	0	1	0	0	0	0	0	0	0	0	0	0	0	1	1	3	0	0	1	0	0	1	0	2	0	0	0	0	0	0	0	0	1	0	0	6	3	0	0	0	0	2	0	0	0	1	0	0	0	1	0	1	0	0	0	0	0	1	0	0	0	0	0	1	0	0	0	0	0	0	0	0	0	0	0	1	0	0	1	0	0	0	0	0	1	0	0
C[T>A]C	0	7	0	0	0	0	0	0	0	1	0	0	0	0	0	1	1	0	0	1	0	0	2	2	3	0	2	1	2	1	1	0	1	0	0	2	0	4	2	0	0	0	0	0	1	1	0	0	0	0	1	0	1	1	0	0	2	0	0	2	0	0	2	1	0	3	0	0	1	0	0	0	2	3	2	0	0	0	0	0	0	0	0	0	1	0	0	1	1	0	0	0	0	1	0	0	8	1	0	1	2	0	0	0	4	0	0	0	3	0	0	3	0	0	0	0	4	3	0	0	1	1	0	0	0	0	1	0	0	0	0	0	2	0	1	2	0	0	0	1	0	1	1	0	0	2	0	0	1	0	0	0	0	0	1	0	0	2	0	0	0	0	0	1	0	0	1	0
C[T>A]G	0	5	0	3	0	4	1	0	0	0	0	0	1	1	0	1	0	0	1	0	1	1	1	2	0	0	0	0	0	1	3	0	2	2	0	1	0	4	1	2	0	0	0	1	5	1	2	1	1	1	0	0	1	0	1	2	2	0	0	1	0	0	2	0	0	4	2	0	0	0	0	1	3	1	1	0	0	0	1	1	2	2	0	0	1	2	0	1	0	0	0	2	0	0	0	3	3	0	1	2	0	0	0	0	4	1	1	2	1	0	2	1	1	1	2	1	8	3	1	1	0	0	1	0	0	0	1	0	0	0	0	0	0	1	0	1	0	1	0	0	1	3	0	1	2	1	0	0	0	2	0	0	1	1	0	1	0	0	0	1	0	0	0	2	1	0	2	0
C[T>A]T	1	8	0	2	0	0	4	0	1	1	0	0	2	0	0	0	0	0	0	0	1	0	2	1	1	0	2	0	0	0	2	0	0	1	0	2	0	2	1	0	0	1	0	1	0	0	1	1	0	1	0	0	1	4	2	3	2	0	0	2	0	1	0	1	0	0	0	1	0	0	0	0	2	2	0	0	1	0	1	1	2	0	0	0	0	0	0	0	1	0	1	0	0	2	0	4	1	0	1	2	0	1	1	1	2	1	0	1	4	0	0	0	3	3	1	0	5	5	0	0	1	0	0	0	0	0	0	0	0	1	0	0	0	0	1	1	0	0	0	0	1	1	2	1	1	0	1	0	0	0	0	0	0	0	0	0	1	2	2	2	0	0	0	0	0	0	0	1
C[T>C]A	0	1	0	1	0	0	0	0	0	0	0	0	0	0	0	0	0	0	0	0	2	1	0	0	2	5	0	1	0	0	5	0	2	0	0	1	0	1	0	0	0	0	0	0	2	0	0	0	2	1	0	0	1	0	0	0	13	0	0	0	0	1	0	0	0	1	1	0	0	0	0	0	1	0	1	0	1	0	7	2	1	0	0	0	1	0	0	0	0	0	0	1	0	0	0	0	19	0	0	0	0	0	1	0	0	1	0	1	1	0	0	0	1	0	0	1	23	13	0	0	0	0	4	0	0	0	1	0	0	0	0	0	2	0	0	0	1	0	0	0	0	0	0	1	1	0	0	0	0	2	0	1	0	1	0	0	0	0	0	0	0	0	1	1	0	0	2	0
C[T>C]C	0	2	1	2	0	1	1	0	1	1	0	1	1	0	0	1	0	0	0	0	0	2	0	3	0	0	0	0	4	0	1	0	0	0	0	1	0	4	0	0	0	1	0	0	1	3	2	4	0	3	0	0	0	2	0	2	21	0	0	1	0	0	0	1	0	3	0	0	0	0	2	0	1	1	3	1	1	0	2	2	0	1	0	0	0	1	1	0	0	0	0	2	1	0	1	0	14	0	0	2	0	1	1	0	2	0	0	0	2	0	2	0	1	1	1	0	21	11	0	0	0	0	3	0	0	1	0	2	0	0	0	0	2	0	1	1	0	0	0	2	0	1	2	2	1	1	1	0	0	0	1	0	0	1	0	2	1	1	0	1	0	0	1	1	1	2	2	0
C[T>C]G	1	1	0	2	0	3	1	0	1	1	1	0	4	1	1	0	2	0	0	0	3	0	0	1	4	0	0	0	2	0	2	2	0	1	0	3	0	0	1	1	0	2	0	0	1	2	0	0	1	0	0	0	0	2	0	1	70	0	1	1	0	2	1	0	0	1	0	0	1	2	0	1	1	4	2	0	0	0	2	0	2	0	0	0	0	0	0	1	0	1	0	1	0	0	1	0	54	0	0	2	0	0	0	0	2	1	0	2	1	1	0	0	1	2	3	0	74	39	1	1	0	1	2	0	0	0	0	0	1	0	1	0	0	1	1	0	0	0	0	1	0	2	2	2	1	1	0	1	0	2	0	0	2	1	1	1	1	5	0	3	0	0	0	3	1	2	0	0
C[T>C]T	0	0	0	1	0	0	0	1	2	0	0	0	3	0	0	0	0	0	0	0	1	0	0	3	5	0	0	0	0	1	3	0	3	0	1	0	0	3	0	0	0	1	0	1	3	0	0	2	0	2	2	0	0	0	0	2	6	0	0	0	0	0	1	2	0	1	1	0	0	0	0	1	1	2	1	0	0	0	0	4	4	0	1	1	1	0	0	0	0	1	1	0	2	2	0	0	19	0	0	2	0	1	2	1	0	0	0	0	3	0	1	0	4	3	1	0	32	11	0	1	1	1	1	1	0	2	1	1	0	1	0	0	0	1	0	1	1	0	0	0	3	0	0	0	0	0	1	0	0	1	1	1	0	0	0	0	1	0	1	0	0	0	1	2	0	0	1	0
C[T>G]A	0	0	0	0	0	0	0	0	0	0	0	0	0	0	0	0	0	1	0	0	1	0	0	0	0	0	0	0	0	0	0	0	0	0	0	1	0	1	0	0	0	1	0	0	0	0	0	0	0	0	0	0	0	2	1	0	0	0	0	0	0	0	0	0	0	1	0	0	1	0	1	0	0	1	1	0	0	0	0	0	0	0	0	0	0	0	0	0	0	0	0	1	0	0	0	0	0	1	1	0	0	0	0	0	0	0	0	1	1	0	0	0	1	2	0	0	1	0	0	1	0	0	0	0	0	0	0	1	0	0	0	0	1	0	0	0	0	1	0	0	0	0	0	1	0	0	1	0	0	0	0	0	0	0	0	0	0	0	0	0	0	0	0	0	0	0	0	0
C[T>G]C	1	0	0	1	0	0	0	0	0	0	0	0	2	0	0	0	0	1	0	0	0	2	0	0	0	0	0	0	0	0	0	0	0	0	1	0	0	1	0	0	0	0	0	0	1	0	0	1	0	2	0	0	0	0	0	0	11	0	0	1	0	1	1	1	0	0	0	0	1	0	0	0	0	1	0	0	0	0	3	1	1	1	0	0	0	1	0	1	0	0	2	1	0	0	0	0	3	0	0	0	0	0	0	1	0	0	0	1	0	1	1	0	0	0	1	1	9	4	0	1	0	0	0	0	0	2	0	1	0	0	0	0	1	0	0	0	0	1	0	0	0	0	1	0	0	0	1	0	0	0	0	0	1	1	0	0	0	0	0	1	1	1	0	1	0	0	0	0
C[T>G]G	2	1	0	1	0	2	1	0	1	0	0	0	2	1	0	2	0	0	0	0	4	1	1	0	3	0	0	0	0	0	2	0	0	1	0	1	0	1	2	0	0	0	0	0	3	0	1	3	0	0	0	0	1	1	1	1	7	0	0	0	1	1	0	1	0	0	2	1	0	1	0	0	0	2	0	0	0	0	0	0	1	0	0	0	0	0	1	1	0	0	0	3	0	1	0	1	8	2	1	1	0	0	0	0	2	0	0	2	4	2	1	0	0	1	0	0	14	6	0	1	1	1	1	0	0	1	0	0	0	0	2	0	3	0	0	1	0	1	0	0	1	0	0	0	2	0	0	0	2	0	0	0	3	0	0	0	0	0	2	1	1	1	0	3	0	0	1	0
C[T>G]T	0	2	0	1	2	0	1	0	2	0	0	1	0	1	0	2	0	0	0	0	3	0	1	2	0	0	0	0	0	0	4	0	0	0	0	2	0	3	0	0	1	1	0	2	0	1	0	1	0	1	0	1	0	0	0	1	9	0	0	1	0	0	1	0	1	0	2	0	0	0	2	0	1	1	1	0	1	0	0	1	0	0	1	0	0	0	0	0	0	0	0	0	1	0	0	0	4	1	0	0	0	0	1	0	0	1	1	0	0	2	2	1	3	1	1	0	11	7	0	0	0	3	1	0	1	1	2	2	0	0	0	1	3	0	2	0	0	1	0	0	0	2	1	0	1	1	0	0	0	0	0	1	0	0	0	0	0	1	1	1	1	0	0	0	0	0	0	0
G[C>A]A	1	9	0	1	1	3	1	0	1	0	0	0	1	0	0	0	0	1	0	0	4	3	1	4	2	0	5	1	0	1	2	0	0	2	0	3	0	0	0	1	0	1	0	0	0	1	1	2	1	5	1	0	0	0	2	6	1	0	2	1	1	1	0	0	0	1	2	0	0	1	0	0	1	0	1	3	1	0	2	1	3	0	0	0	1	0	1	2	0	0	1	0	0	0	0	0	1	1	1	1	1	0	0	2	1	0	0	2	2	0	4	2	3	2	3	2	3	2	1	2	2	0	1	0	0	1	1	0	0	0	0	0	0	0	0	0	0	0	1	1	1	1	1	1	1	1	1	0	0	1	1	0	1	3	1	0	0	0	0	2	0	2	0	0	2	0	2	0
G[C>A]C	1	6	1	2	1	1	1	1	1	0	0	0	3	0	0	1	1	0	0	0	2	0	1	4	6	0	1	0	0	0	4	1	1	2	0	2	2	2	1	0	0	1	0	0	0	2	4	1	0	2	1	0	0	2	2	1	4	0	0	1	1	1	2	0	1	1	2	0	0	0	0	1	2	5	4	0	0	0	2	1	1	0	0	2	0	1	1	2	0	0	3	3	1	0	0	1	2	0	2	0	2	0	2	0	0	0	0	2	3	1	2	1	2	0	1	2	3	4	1	2	0	1	1	0	0	1	2	0	2	0	0	0	1	0	0	0	0	0	0	0	1	0	3	0	1	1	1	0	0	1	0	0	0	1	2	0	0	3	1	2	0	0	1	0	2	0	6	2
G[C>A]G	0	0	0	1	0	0	0	1	0	0	1	0	0	0	1	0	0	1	0	0	2	0	0	0	0	2	0	0	0	0	0	0	0	1	0	1	1	2	1	0	0	1	0	0	0	0	0	0	0	2	0	1	0	0	0	0	1	0	1	1	1	0	0	1	0	0	1	0	0	0	0	0	0	1	0	0	0	1	0	0	0	0	0	0	0	1	0	1	0	0	2	0	0	0	0	0	1	1	1	0	0	0	2	0	0	0	0	0	0	0	0	0	1	0	1	0	2	1	1	1	0	0	0	0	1	0	0	1	2	0	0	0	0	0	1	0	0	0	0	0	0	0	0	1	0	0	0	0	0	0	0	0	0	0	0	0	1	0	0	1	0	0	0	0	1	1	1	0
G[C>A]T	0	12	0	1	0	2	0	0	0	2	0	0	1	0	0	2	0	1	0	0	1	1	3	2	6	0	1	1	1	0	3	0	1	1	0	1	0	0	0	1	0	0	0	1	0	2	1	0	0	3	2	0	1	2	1	2	6	0	1	0	0	1	1	2	0	1	1	0	0	0	1	0	3	4	1	1	0	1	3	2	1	2	0	0	0	0	1	0	0	0	1	0	1	1	0	0	7	0	1	2	0	0	0	0	0	1	1	2	3	0	1	0	2	5	0	0	5	3	1	1	2	1	2	0	0	0	0	0	1	3	0	0	0	0	0	0	1	1	1	1	3	1	0	1	1	3	0	0	0	0	0	0	0	4	2	0	0	1	0	0	0	0	0	2	2	0	7	2
G[C>G]A	1	2	0	1	0	1	0	0	0	2	0	0	1	0	0	0	0	0	0	0	4	0	1	3	4	0	0	0	0	0	4	0	1	3	0	8	0	2	0	0	0	2	0	0	0	0	0	1	0	0	3	0	0	0	1	2	0	1	0	0	0	2	0	1	0	1	0	0	1	0	0	0	2	3	4	1	0	0	0	1	2	1	0	0	0	0	0	0	0	0	0	0	1	0	1	1	2	1	0	0	0	0	0	0	0	0	1	0	0	0	1	1	1	1	0	1	2	1	0	0	0	0	0	0	0	1	2	0	0	0	0	1	0	0	1	0	0	0	0	0	0	0	1	1	2	1	0	1	0	0	0	0	1	0	0	3	0	1	0	2	0	0	0	2	0	0	0	0
G[C>G]C	0	3	0	0	0	0	0	0	1	1	0	0	3	0	0	2	2	0	0	0	2	1	1	2	10	1	0	0	0	0	0	0	0	1	0	3	1	1	1	0	0	0	1	1	1	1	0	0	2	2	1	0	1	1	2	2	4	0	0	1	0	1	1	0	0	0	0	0	0	1	0	0	1	1	1	1	4	0	0	1	0	1	1	0	0	0	0	0	0	0	0	0	1	0	0	4	8	0	0	3	1	1	1	0	1	0	0	0	0	3	2	0	0	2	1	0	4	8	1	0	0	0	1	0	0	0	1	0	0	0	1	0	3	0	0	1	0	0	1	1	0	0	1	0	2	2	0	0	0	0	0	0	1	1	0	0	0	3	0	1	0	0	0	0	0	0	2	0
G[C>G]G	0	2	0	1	0	0	1	0	0	1	0	0	1	1	0	0	0	0	0	1	0	0	1	0	0	0	0	0	0	0	1	0	0	0	0	2	0	2	0	0	0	0	0	1	0	0	0	0	0	1	1	0	0	0	0	1	1	1	0	1	0	0	1	0	0	0	1	0	0	0	0	0	1	1	1	0	0	0	0	1	2	0	0	0	1	0	0	1	0	0	1	0	0	0	0	0	0	1	0	0	1	0	0	0	1	0	0	3	0	1	0	0	1	1	1	0	0	1	1	0	1	2	1	0	0	0	0	0	0	0	0	0	0	0	0	0	0	1	0	0	0	0	2	1	0	0	0	1	0	0	1	0	0	0	0	0	0	0	0	0	0	2	0	0	0	0	0	0
G[C>G]T	0	2	0	1	0	1	1	0	0	1	0	0	3	0	0	0	0	0	0	0	4	1	1	6	7	0	0	0	0	1	1	1	1	5	0	4	0	3	0	2	1	0	0	0	1	0	1	3	0	2	1	1	2	0	2	5	0	1	2	0	1	1	0	3	1	2	1	1	0	0	0	1	4	4	5	0	3	1	1	5	0	0	0	1	0	0	0	0	0	0	1	1	0	0	0	1	1	1	3	3	0	0	0	0	0	0	0	1	2	2	4	0	4	0	3	1	2	5	2	3	0	0	1	1	1	1	1	2	0	1	0	0	1	0	0	0	0	0	0	2	0	0	0	0	1	0	0	0	1	2	0	0	1	2	4	0	0	3	1	0	0	0	0	1	0	0	1	1
G[C>T]A	0	4	3	2	0	1	1	2	3	1	0	0	3	1	0	3	0	0	0	0	2	0	3	2	0	2	2	1	0	3	1	2	0	1	1	1	1	3	0	2	1	1	0	0	2	0	1	1	2	0	1	0	0	0	1	2	26	0	1	2	0	1	2	1	2	1	0	0	0	1	0	2	5	0	2	1	2	0	4	4	1	0	0	1	1	1	1	2	0	0	0	3	1	0	0	4	55	0	1	4	0	0	2	0	2	2	2	1	2	1	0	1	4	3	0	2	10	22	0	1	1	1	0	0	0	1	1	0	1	1	0	3	0	0	0	2	1	1	1	0	1	0	1	1	2	0	1	0	1	1	2	0	2	0	2	2	0	2	1	3	0	0	0	2	0	1	0	0
G[C>T]C	0	2	1	2	1	0	0	0	1	1	0	0	1	0	0	1	1	1	0	0	2	0	0	1	3	6	2	0	2	3	2	0	2	4	1	10	0	3	1	2	0	1	2	5	4	1	3	5	0	0	4	0	2	1	3	2	44	1	0	2	0	0	0	0	1	1	5	2	0	1	0	1	1	2	1	1	1	0	6	1	0	0	1	1	2	1	0	1	1	1	0	3	1	0	1	1	89	3	3	0	0	0	1	0	2	1	0	0	2	1	0	0	1	5	4	0	14	31	0	1	1	1	2	0	0	3	3	1	0	1	0	1	1	0	0	0	2	0	0	0	2	2	1	3	0	3	5	1	4	0	1	1	1	0	3	0	4	0	2	6	0	0	0	2	2	4	1	0
G[C>T]G	3	4	5	2	2	0	1	2	4	2	0	3	6	1	3	4	5	0	0	2	7	5	4	3	7	12	0	1	2	2	5	3	1	1	1	3	0	6	6	10	6	8	1	4	2	1	3	2	4	8	1	1	0	2	3	4	113	6	1	0	3	0	3	5	3	2	7	3	2	3	4	3	3	4	4	6	0	0	2	2	5	2	2	1	1	4	2	2	3	4	1	2	6	3	3	1	147	2	2	1	4	3	6	3	2	0	4	2	2	4	7	3	1	3	0	0	37	50	1	1	2	3	0	3	1	6	1	3	3	1	1	0	0	8	3	2	3	7	1	3	4	3	1	1	4	4	1	3	0	4	2	3	3	2	2	1	2	2	2	3	2	3	2	3	4	2	1	0
G[C>T]T	1	2	1	3	1	1	0	1	0	5	1	1	3	1	1	0	0	1	0	0	3	2	0	1	0	0	1	1	0	4	1	1	0	1	0	3	2	4	3	0	0	0	1	1	3	1	0	7	1	4	2	0	3	1	2	2	33	1	4	1	1	1	0	2	1	0	0	1	1	1	0	1	6	2	0	1	1	3	2	1	3	0	0	0	1	0	1	2	0	0	0	2	0	0	1	0	64	1	0	1	1	2	2	0	1	1	1	1	1	3	0	1	1	1	3	1	18	28	1	2	0	0	3	0	0	1	1	0	1	0	0	1	0	1	1	1	1	1	0	2	1	1	0	1	2	3	0	1	1	0	1	0	1	1	1	2	1	3	0	0	1	0	1	0	0	0	0	0
G[T>A]A	0	0	0	3	0	0	0	0	0	0	0	1	1	0	0	0	0	0	0	0	0	0	1	2	0	0	0	0	0	0	1	0	0	0	0	0	0	0	0	0	0	1	0	1	0	0	0	0	0	0	0	0	0	0	0	0	0	0	1	0	1	0	0	0	0	0	0	0	0	0	0	1	0	0	0	0	0	0	0	0	0	0	1	0	0	0	0	1	0	0	0	0	0	0	0	0	1	0	1	1	0	0	0	0	0	0	0	0	0	0	0	0	0	1	0	0	8	2	0	0	0	0	1	0	0	2	0	0	0	0	0	0	1	0	0	0	1	0	0	0	0	0	0	0	1	0	0	0	0	0	0	0	0	0	0	0	0	0	0	0	0	0	0	0	1	0	0	0
G[T>A]C	0	3	0	1	0	0	0	0	0	0	0	0	2	0	0	0	0	0	0	0	1	0	1	0	0	0	0	0	0	0	0	0	0	0	0	2	0	1	0	0	0	1	0	0	0	0	2	0	2	2	0	0	1	0	0	1	1	0	0	0	0	0	0	0	0	0	0	0	0	0	1	0	2	0	2	0	0	0	2	1	0	1	0	0	0	1	0	0	0	0	1	0	0	0	0	0	6	0	0	0	0	0	0	3	0	1	0	2	0	0	0	0	1	0	0	0	3	5	1	1	1	1	2	0	1	0	1	0	0	1	1	0	2	0	0	1	0	0	1	1	0	0	0	0	0	0	0	0	0	0	0	0	0	0	0	0	0	0	0	0	0	0	1	1	0	0	2	0
G[T>A]G	0	3	0	0	0	0	0	0	0	0	0	0	2	0	0	0	0	0	0	0	0	1	2	0	1	3	0	1	0	1	0	0	1	0	0	3	0	4	0	0	0	1	0	0	1	0	0	1	1	0	0	0	0	0	2	2	0	0	0	0	0	1	0	0	0	0	0	0	0	0	0	0	1	2	1	0	0	0	0	1	1	1	0	0	0	0	0	0	0	0	0	0	1	0	1	0	0	0	0	0	0	0	0	0	1	0	0	1	1	1	0	0	0	2	0	0	7	5	0	1	0	0	1	0	0	0	0	0	0	0	0	0	1	0	0	0	0	0	0	0	0	0	1	1	0	0	1	1	0	0	1	1	0	0	0	0	0	0	0	1	0	0	1	0	1	0	2	0
G[T>A]T	0	0	0	0	0	0	0	0	0	0	0	0	0	0	0	1	0	0	0	0	0	0	0	0	0	0	0	0	0	1	0	0	0	0	0	0	0	1	1	0	0	0	0	0	0	0	2	1	0	1	1	0	3	0	0	1	1	0	0	1	0	0	1	0	0	2	0	1	0	0	0	0	0	0	2	0	0	0	2	0	1	0	0	0	0	0	0	1	0	0	0	0	0	0	0	0	3	1	0	0	0	1	0	0	2	0	0	0	0	0	0	0	0	1	0	0	3	3	0	1	1	0	1	0	1	0	0	1	0	0	0	0	0	0	0	1	1	0	0	1	0	0	0	0	0	0	0	0	0	0	0	0	0	0	0	0	0	0	1	1	0	0	0	0	2	1	0	0
G[T>C]A	0	1	0	2	1	1	1	0	0	2	0	0	2	1	0	2	1	0	0	0	2	0	0	0	0	0	0	0	2	2	1	0	1	0	0	0	0	2	1	0	1	0	1	0	0	0	0	0	1	3	0	0	1	0	0	0	24	0	0	1	0	0	0	1	0	1	4	1	0	0	1	0	1	0	2	0	0	0	0	1	4	0	1	0	1	0	0	2	0	1	0	0	0	0	1	1	60	0	0	0	1	0	1	1	0	0	0	0	0	2	2	0	0	2	2	0	101	30	1	2	1	0	0	0	0	1	1	0	0	0	0	0	3	0	0	0	1	1	0	0	0	1	2	1	0	1	1	0	2	0	0	1	0	0	0	0	1	2	0	1	1	0	0	0	0	0	0	0
G[T>C]C	0	2	0	2	0	1	0	1	0	1	0	0	2	1	1	0	1	0	0	0	1	0	1	2	1	0	0	0	0	1	1	0	1	0	1	1	0	2	0	0	0	2	0	1	0	1	0	2	0	2	2	0	0	0	1	0	15	0	2	0	0	1	1	1	0	2	0	0	0	1	0	0	0	2	1	0	0	0	2	0	1	1	1	1	0	1	0	0	0	0	2	0	0	0	0	0	26	0	1	0	0	0	0	0	0	0	1	1	2	0	1	0	0	3	2	0	23	19	0	1	1	1	0	0	0	1	0	0	0	0	0	0	1	0	0	1	0	0	0	0	0	0	2	0	0	1	1	0	0	1	1	0	1	2	0	0	0	1	0	1	0	0	0	0	1	1	2	0
G[T>C]G	0	0	0	1	1	0	0	0	0	0	0	1	2	0	0	0	0	0	0	0	3	0	1	0	1	0	0	1	0	0	0	1	1	2	0	3	0	5	0	0	0	0	0	0	1	0	1	1	1	1	0	0	0	2	0	0	39	0	0	1	1	1	0	0	0	3	1	1	1	0	1	1	0	1	1	1	0	0	0	0	1	1	1	2	1	0	0	0	1	0	0	1	1	0	0	0	43	0	0	0	0	0	0	0	2	0	0	0	3	0	3	1	0	2	2	1	49	24	0	1	0	0	1	0	0	1	0	0	0	0	0	0	2	0	0	1	0	1	0	0	1	3	2	0	1	0	0	1	0	0	0	0	1	1	0	0	1	0	0	1	0	0	0	1	0	0	0	0
G[T>C]T	1	2	2	1	0	0	1	0	0	1	0	2	4	0	0	0	0	0	0	0	1	0	1	0	0	0	0	1	0	1	1	0	1	0	0	1	0	4	1	2	0	0	0	1	1	0	0	1	1	0	0	0	0	2	0	1	9	0	0	1	1	1	0	0	1	1	2	0	0	0	0	0	1	0	0	0	2	0	2	0	1	0	0	0	0	0	1	0	2	0	0	0	0	0	0	0	38	0	1	1	1	1	3	1	1	0	1	1	0	0	0	0	1	2	0	0	57	16	1	0	0	0	1	0	1	0	0	0	0	0	0	1	1	0	1	0	2	1	1	0	1	1	1	1	1	1	1	0	0	0	0	1	1	0	0	1	0	0	2	2	0	0	0	2	0	1	1	0
G[T>G]A	0	1	0	2	0	0	1	0	0	0	0	0	0	0	0	0	0	0	0	0	0	0	0	1	0	3	0	0	0	0	0	0	0	1	0	0	0	0	0	0	0	0	0	0	0	0	0	0	0	2	1	0	0	0	1	0	0	0	0	0	0	0	0	1	0	0	0	0	0	0	0	0	0	1	0	0	0	1	4	0	0	1	0	0	0	1	0	0	0	0	0	0	0	0	0	0	0	0	0	1	0	0	0	0	0	0	0	0	0	1	0	1	0	0	1	0	0	0	0	0	0	0	0	0	0	1	1	0	1	0	0	0	0	1	1	0	0	0	1	0	0	0	0	0	0	0	0	0	0	0	0	0	0	0	0	0	0	1	0	0	0	1	0	0	0	0	0	0
G[T>G]C	0	1	0	1	0	0	0	0	0	0	0	0	2	0	0	0	0	0	0	0	1	0	1	0	0	0	0	0	0	1	1	0	0	0	0	0	0	0	0	0	0	0	0	0	0	0	1	1	0	1	1	0	1	0	0	0	3	1	0	1	0	0	1	0	0	1	0	0	0	0	0	0	0	2	2	0	0	0	0	0	1	0	1	1	0	0	0	0	0	0	0	0	0	0	0	0	0	0	0	0	0	0	0	0	0	0	0	0	1	0	1	0	0	1	0	0	1	5	0	0	1	0	0	0	0	0	0	0	0	0	0	0	0	0	0	0	0	0	0	0	1	1	0	0	0	0	1	0	0	0	0	0	0	1	0	1	0	0	0	0	0	0	0	1	0	0	0	0
G[T>G]G	0	2	0	0	1	2	1	0	0	0	0	0	0	0	0	0	0	1	0	0	0	1	3	0	2	0	0	0	0	0	1	0	0	0	0	1	0	0	0	0	0	0	0	0	0	0	0	0	1	1	1	0	0	0	0	0	2	0	1	0	0	1	2	0	0	0	0	0	0	0	0	0	1	1	1	0	0	0	0	1	0	0	0	0	1	0	0	0	0	0	0	0	0	0	0	3	2	0	0	0	0	1	0	0	0	1	1	0	1	0	1	0	1	0	1	0	2	5	1	1	0	0	0	0	0	0	1	0	1	0	0	0	0	0	0	0	0	0	0	0	1	0	0	0	1	0	0	0	0	0	0	0	2	0	0	0	1	3	0	0	0	0	0	0	0	0	0	0
G[T>G]T	0	0	0	0	0	0	0	0	1	0	0	0	0	0	0	0	1	0	0	0	0	0	1	0	0	0	0	0	0	0	0	0	0	0	0	0	0	1	0	0	0	1	0	0	0	0	0	0	0	0	0	0	0	0	2	1	3	0	0	0	1	0	0	0	0	0	0	0	0	0	0	0	1	0	1	0	0	1	0	0	1	0	0	0	1	0	0	0	0	0	0	0	1	1	0	0	1	1	0	2	0	0	0	0	0	1	0	0	1	0	1	0	0	2	0	0	11	3	0	2	0	0	0	0	0	0	0	0	0	0	0	0	2	0	0	0	0	0	0	1	0	1	0	0	0	1	0	0	1	0	0	1	0	0	0	0	0	0	0	0	0	0	0	0	0	0	1	0
T[C>A]A	1	3	0	3	1	0	0	0	1	0	0	3	1	0	2	2	2	2	0	0	2	2	2	1	3	3	1	0	0	0	1	1	0	1	1	3	2	5	2	0	2	4	0	2	0	1	3	2	1	0	1	2	0	2	1	4	2	0	0	2	0	0	2	0	1	1	5	1	0	0	0	1	4	0	1	1	0	2	4	1	5	0	1	0	0	1	0	0	0	2	1	1	0	0	0	2	0	1	0	9	1	0	0	1	5	0	1	0	1	3	0	1	3	6	1	2	2	7	1	0	2	1	3	0	0	3	0	5	1	0	0	5	3	1	0	0	1	2	0	1	0	2	3	2	3	0	0	1	1	0	0	0	3	1	1	0	2	0	0	2	0	0	0	2	1	1	0	0
T[C>A]C	0	6	1	1	0	2	1	1	0	2	1	1	9	0	2	1	1	0	0	1	1	1	0	5	1	0	2	1	2	3	5	0	1	0	2	3	2	5	2	0	1	1	1	2	1	2	3	2	0	3	4	0	1	2	1	3	4	0	1	1	1	2	2	0	0	2	1	1	0	0	0	3	7	2	3	0	1	0	0	2	2	2	1	0	0	0	1	0	0	2	0	0	0	2	1	0	3	3	2	2	1	0	1	0	5	0	1	1	0	2	1	0	1	5	1	2	7	7	1	4	0	3	2	1	0	1	1	3	0	0	0	5	7	0	1	4	1	0	0	0	1	3	3	0	1	1	2	1	5	0	1	0	0	3	2	0	2	2	1	3	0	1	0	1	3	1	4	0
T[C>A]G	1	2	1	0	1	0	0	0	1	0	1	0	0	0	0	0	0	0	0	1	0	1	0	0	2	2	0	0	0	1	0	1	0	0	0	0	1	1	1	0	0	0	0	0	0	1	1	1	0	0	0	1	1	1	2	2	0	0	0	1	2	0	0	1	1	0	0	0	0	0	0	1	0	0	1	0	1	1	0	1	0	0	0	0	0	0	0	0	1	1	1	0	0	0	0	0	1	0	0	0	1	0	1	0	1	0	1	0	0	0	1	0	0	0	1	0	0	3	1	0	1	1	2	1	0	1	1	4	1	0	0	1	0	0	0	0	0	0	0	0	1	0	0	2	0	2	0	0	2	0	0	0	0	0	0	0	0	0	0	0	0	0	0	0	0	1	0	0
T[C>A]T	1	9	0	0	2	1	0	2	0	1	0	2	4	0	1	2	0	0	0	1	1	1	1	2	2	0	4	1	2	1	2	2	0	1	0	4	2	2	0	2	3	1	0	1	0	3	3	1	0	3	2	1	4	2	2	4	2	2	1	1	0	0	1	3	2	2	6	1	1	0	3	1	4	4	3	0	1	1	4	4	2	1	1	1	1	1	0	1	2	1	1	0	2	0	1	2	15	0	1	7	1	0	1	2	1	0	0	6	2	2	0	0	2	4	2	0	4	5	0	0	3	0	2	1	0	3	0	1	0	0	0	2	6	0	0	1	1	2	1	3	1	0	2	2	2	2	1	0	4	1	0	0	0	2	1	0	2	3	0	0	0	0	1	2	2	3	0	1
T[C>G]A	2	3	1	6	0	1	2	4	2	2	1	0	4	0	0	0	7	0	0	0	7	0	1	0	17	2	2	3	2	3	4	2	1	4	0	4	7	15	2	1	0	18	0	1	1	3	5	4	7	10	1	1	2	15	3	0	3	0	2	1	1	0	1	2	4	2	1	8	1	1	0	1	7	3	7	0	0	6	0	8	9	5	0	0	3	0	3	3	1	1	0	2	2	0	0	0	0	3	4	16	4	2	4	3	6	2	0	1	3	12	6	0	9	1	4	0	5	4	3	5	2	2	5	0	2	0	1	25	7	1	0	22	7	1	1	3	2	7	1	1	2	1	2	2	0	5	1	1	11	3	1	2	6	1	2	1	20	4	2	16	1	0	1	11	1	1	3	3
T[C>G]C	1	4	0	4	1	2	1	1	2	2	0	0	3	0	0	0	1	0	0	0	5	2	1	1	6	0	2	3	0	7	7	1	0	2	0	3	2	10	0	0	2	6	0	1	5	3	2	1	0	7	0	0	1	2	0	0	1	0	0	1	2	0	3	1	0	1	1	0	0	0	0	1	3	3	2	1	2	1	2	5	5	1	0	0	3	4	0	0	0	2	0	1	1	0	0	3	0	1	0	13	3	0	3	2	4	0	0	2	2	5	3	1	6	3	3	0	2	9	1	11	2	3	3	1	1	1	0	5	0	1	1	7	8	0	0	0	2	4	0	1	2	0	0	4	1	2	2	0	12	0	2	1	5	2	1	0	6	2	1	5	0	1	1	6	0	0	2	0
T[C>G]G	1	2	0	1	0	1	0	0	1	1	0	0	1	0	0	0	0	0	0	0	1	0	1	0	9	1	1	0	0	0	2	1	0	1	0	2	1	1	0	0	0	3	0	0	0	0	0	0	1	1	0	0	1	1	1	2	1	0	1	0	1	0	1	0	0	0	0	1	0	0	0	0	2	1	1	1	0	0	0	1	1	1	0	1	1	1	0	1	0	1	1	1	0	1	0	0	0	1	2	4	0	0	0	2	2	0	0	2	2	2	2	0	2	0	1	0	3	1	3	2	0	0	0	1	0	1	2	0	0	2	2	5	2	0	0	1	1	2	0	0	0	1	1	0	0	1	1	0	2	0	0	1	1	0	1	0	2	0	1	3	0	0	1	3	0	0	1	0
T[C>G]T	0	8	0	4	2	3	0	7	5	6	1	0	7	0	0	3	2	0	0	0	9	2	4	6	12	0	0	2	1	7	5	2	1	4	1	2	4	15	0	3	1	12	0	1	2	3	5	4	4	5	3	0	6	14	7	2	6	0	2	0	0	1	4	3	1	2	2	4	5	1	4	1	4	12	3	1	3	8	4	7	11	3	1	1	6	1	1	3	2	3	1	1	0	1	1	2	3	2	4	17	3	0	8	0	20	1	0	2	4	25	4	1	15	6	2	1	3	12	3	14	2	5	5	1	5	2	3	17	3	1	1	34	18	2	2	2	0	12	1	0	4	6	3	4	1	5	4	0	19	0	2	2	6	3	1	0	17	3	2	24	1	2	0	4	0	4	4	2
T[C>T]A	1	7	1	3	2	4	0	5	1	1	1	4	5	3	2	1	4	1	0	0	5	3	3	6	4	1	4	4	4	5	3	1	3	3	7	7	2	4	0	2	0	13	0	6	1	1	1	1	10	4	2	1	4	4	3	1	8	0	4	4	2	2	3	4	0	0	2	1	3	1	3	3	7	4	6	1	1	5	5	5	6	1	2	0	0	3	2	1	1	1	1	5	6	0	2	6	8	1	4	12	1	1	8	2	4	1	3	1	2	8	1	0	7	8	2	1	4	10	2	7	1	4	1	3	6	3	0	26	4	1	0	24	7	0	0	0	1	10	2	4	1	1	1	3	3	4	0	0	13	1	1	1	3	0	3	1	13	2	1	9	1	1	1	7	3	3	5	2
T[C>T]C	2	4	4	0	4	4	1	3	3	5	0	1	6	1	1	0	2	1	0	0	2	1	6	1	14	7	0	3	5	2	2	1	1	3	0	8	1	7	3	0	2	5	1	2	2	0	3	2	4	5	1	0	0	3	2	2	9	0	0	2	0	2	2	3	0	2	0	5	1	1	1	1	5	6	4	1	0	1	7	3	2	0	1	0	2	1	2	3	2	3	0	0	2	1	0	2	12	2	3	8	4	2	3	5	3	0	3	0	0	3	5	3	8	6	4	1	1	9	1	2	2	2	2	0	1	1	0	11	1	1	0	12	1	1	0	2	0	10	0	1	2	1	1	2	0	0	0	3	5	4	1	2	4	1	3	1	2	2	2	4	0	4	1	3	2	2	3	1
T[C>T]G	3	3	0	3	1	1	3	1	3	1	0	0	3	0	2	4	6	1	0	0	3	0	5	2	7	6	4	2	4	0	8	1	3	3	5	3	4	2	2	1	3	6	0	8	1	1	2	2	1	2	4	0	2	1	2	5	33	2	2	0	3	1	0	1	0	1	0	5	4	1	0	3	2	0	5	3	1	2	0	4	6	2	5	1	5	4	1	2	1	2	3	3	3	4	4	1	37	1	2	3	3	0	4	0	1	2	8	1	2	3	6	0	4	4	4	2	11	22	0	1	4	4	3	4	0	2	2	5	6	0	0	9	3	5	1	1	1	9	3	2	1	1	1	1	0	5	2	2	3	3	2	1	2	2	1	2	10	4	0	7	1	2	1	1	5	1	1	3
T[C>T]T	1	8	1	0	2	1	1	8	1	3	2	0	0	0	2	1	3	1	0	0	1	0	1	0	2	5	4	0	2	4	4	2	0	3	4	7	6	3	0	0	2	6	0	2	2	0	1	2	3	3	2	0	1	3	2	5	7	0	1	1	1	0	1	0	1	1	0	2	2	1	2	3	8	2	8	1	3	1	2	2	5	0	1	0	2	4	1	2	4	1	1	0	0	0	1	8	3	3	0	7	2	1	3	1	5	0	3	1	0	5	3	0	7	7	1	0	2	5	0	4	1	0	2	2	3	1	0	11	0	0	0	13	6	0	0	0	1	8	0	1	2	3	1	2	1	1	0	1	9	0	2	1	4	0	3	0	9	5	2	8	1	2	0	3	7	0	3	1
T[T>A]A	0	1	0	0	0	0	0	0	1	0	0	0	0	0	0	0	0	0	0	0	0	0	0	1	0	0	0	0	0	1	0	0	1	0	0	0	0	0	0	0	0	0	0	0	0	0	0	0	0	1	1	0	0	0	0	0	0	0	0	0	0	0	1	0	0	0	0	0	0	0	0	0	0	0	1	0	0	0	0	0	2	1	0	0	0	0	0	0	0	0	0	0	0	0	0	0	1	0	0	0	1	0	0	0	0	1	0	0	1	0	1	0	1	0	0	0	3	1	0	0	0	0	0	0	0	0	0	0	0	1	0	0	0	0	0	2	0	1	0	0	0	0	0	0	0	0	0	0	0	1	0	0	0	0	1	0	0	0	0	0	0	0	0	0	0	0	0	0
T[T>A]C	1	1	0	0	0	1	0	0	0	0	0	0	0	0	0	1	0	0	0	0	1	0	0	1	2	0	0	0	0	0	2	0	1	0	0	0	0	1	1	0	0	0	0	0	0	0	1	1	1	1	1	0	0	0	0	1	1	0	0	0	1	0	0	0	0	0	0	0	0	0	2	0	1	0	0	0	1	0	0	1	0	0	1	0	0	0	0	0	0	0	0	0	0	1	0	1	1	0	0	0	2	0	0	1	0	0	0	1	0	1	0	0	1	2	1	0	5	2	0	0	0	0	0	0	0	2	0	0	1	0	0	0	3	0	0	0	0	0	0	0	0	1	1	0	0	1	0	0	0	0	1	0	2	0	1	0	1	1	0	0	0	0	0	1	0	0	2	0
T[T>A]G	0	0	0	1	0	0	0	0	0	0	0	0	0	0	0	1	0	0	0	0	0	0	1	1	3	0	0	1	0	0	0	0	0	1	0	2	0	0	0	2	0	0	0	0	0	0	0	1	0	1	0	0	0	1	0	0	0	0	1	0	0	0	0	1	0	0	0	1	0	0	0	0	1	0	1	0	2	1	1	0	1	0	0	1	1	0	0	0	0	0	0	1	0	0	0	0	1	0	0	1	0	0	0	2	1	0	0	1	1	2	1	0	1	2	0	2	8	0	0	1	0	1	0	0	0	0	0	0	0	0	1	0	0	0	0	0	0	0	0	0	0	0	1	0	1	0	1	0	3	0	0	0	0	2	0	0	0	1	0	0	0	0	0	0	1	1	1	0
T[T>A]T	1	1	0	1	0	0	1	1	0	0	0	0	3	0	0	0	0	0	0	0	0	0	3	1	3	0	0	0	0	2	1	0	0	0	0	0	0	2	0	0	0	1	0	0	1	0	0	0	0	0	0	0	0	0	0	1	0	0	1	0	1	0	0	1	0	1	0	0	0	0	0	0	0	2	1	0	0	0	0	2	1	0	0	0	0	0	0	0	0	0	0	1	0	0	0	2	0	1	0	1	0	0	1	2	1	0	0	0	0	0	0	0	1	3	1	0	7	3	1	0	0	1	0	0	0	0	0	0	0	0	0	0	1	0	0	2	0	0	0	0	0	1	0	1	0	1	0	0	0	1	0	0	0	0	0	0	0	3	0	1	0	1	0	0	1	0	1	1
T[T>C]A	0	0	0	0	0	1	0	0	0	1	0	0	2	0	0	0	0	0	0	0	1	0	0	0	0	0	0	0	0	1	1	0	1	1	0	0	0	1	0	0	0	0	0	0	0	2	2	0	0	1	0	0	0	0	0	0	5	0	1	0	0	0	0	1	0	0	0	0	0	0	0	0	1	0	1	0	1	0	0	0	0	0	0	0	1	0	0	1	0	0	1	0	0	0	0	1	14	0	0	1	0	0	0	0	0	1	0	0	0	0	0	0	1	3	0	0	10	11	0	2	0	0	1	0	0	0	0	2	0	0	0	0	0	0	0	3	0	0	0	0	0	0	0	0	0	0	0	0	0	0	0	0	1	0	0	0	0	3	0	0	0	0	0	0	2	0	1	0
T[T>C]C	1	0	0	1	0	1	0	0	2	0	0	0	1	0	0	1	2	0	0	0	1	1	0	1	1	4	0	0	2	1	1	0	1	1	0	1	0	0	0	0	0	3	0	0	0	2	2	1	0	1	0	0	0	0	1	0	6	1	1	0	1	2	1	1	0	2	1	0	0	0	0	0	2	1	1	0	3	1	3	1	2	0	0	0	2	1	0	0	0	0	1	0	0	0	0	1	18	1	1	1	0	0	0	0	0	0	0	1	1	1	1	0	2	4	1	0	13	12	0	1	0	1	1	1	1	0	0	0	0	1	0	0	2	0	1	0	1	0	1	0	0	3	0	1	0	0	4	0	1	0	1	0	1	1	0	0	0	0	1	1	0	0	0	1	0	0	3	0
T[T>C]G	0	0	0	0	0	1	0	0	0	1	0	0	1	0	0	2	1	0	0	0	2	0	0	0	0	0	0	0	0	0	0	0	0	1	0	0	0	3	0	0	0	0	0	0	0	0	1	0	0	1	1	0	2	0	0	1	8	0	0	0	0	0	0	0	0	0	1	0	0	0	0	0	1	0	0	0	1	0	0	0	0	0	0	0	0	1	0	0	0	1	0	1	0	0	0	0	20	0	1	1	0	1	0	0	1	1	0	0	0	0	1	0	0	4	0	0	10	10	0	1	0	1	2	0	0	1	0	0	0	0	0	0	1	0	0	1	0	0	0	1	1	4	0	0	0	0	0	0	0	0	0	0	0	0	0	0	0	0	0	0	0	0	0	0	1	0	0	0
T[T>C]T	1	1	0	0	0	0	0	0	1	0	0	0	0	0	0	1	1	0	0	0	0	1	0	0	0	0	0	0	0	0	1	0	0	0	0	0	0	2	0	0	0	1	0	2	0	1	0	0	1	1	0	0	0	0	0	1	5	0	0	1	1	1	1	0	0	1	1	0	0	0	0	0	1	1	0	0	0	0	0	2	0	0	0	0	0	0	0	0	0	0	0	0	1	0	0	0	10	0	2	1	1	0	1	2	1	0	1	0	0	1	0	0	0	2	1	0	10	7	0	1	1	1	0	0	0	1	2	0	0	0	0	0	1	0	0	3	0	0	1	1	1	0	0	2	0	0	2	0	1	2	2	0	0	2	1	0	0	1	0	0	0	0	0	0	0	1	1	0
T[T>G]A	0	1	0	0	0	0	0	0	0	0	0	0	1	0	1	0	0	0	0	0	0	0	0	0	0	0	0	0	0	0	0	0	2	0	0	0	1	1	0	0	0	0	1	0	1	1	0	0	0	2	0	0	0	0	0	0	0	0	1	0	0	0	0	0	0	0	0	0	0	0	0	0	1	0	1	0	0	0	0	1	0	0	0	0	1	0	0	0	0	0	1	0	1	0	0	1	0	0	0	0	0	1	0	0	0	0	0	0	0	0	0	0	0	0	0	0	1	1	0	1	0	0	0	0	0	1	0	0	0	0	0	0	0	0	0	1	0	0	0	0	0	0	1	0	0	1	0	1	0	0	0	0	0	0	0	0	0	0	0	2	0	0	0	0	0	0	0	0
T[T>G]C	0	0	1	0	0	0	0	0	0	0	0	0	1	0	0	0	0	0	0	0	0	0	1	0	0	0	0	0	2	0	1	0	0	1	0	1	0	0	0	0	0	0	0	0	1	0	1	0	0	0	3	0	0	0	1	0	1	0	0	1	0	0	0	0	0	0	1	0	0	0	0	1	0	0	2	0	0	0	0	0	2	0	0	0	0	0	0	1	0	0	1	0	1	0	0	0	2	0	0	0	0	0	1	0	1	0	0	1	0	0	0	0	0	5	2	0	0	1	0	1	0	1	2	0	0	0	0	0	0	0	0	0	1	0	0	0	0	2	0	0	0	0	0	0	0	1	0	0	0	0	0	0	0	0	0	0	0	1	1	0	1	1	0	0	0	0	0	0
T[T>G]G	0	1	0	0	0	2	0	0	1	0	0	0	1	0	0	0	0	0	0	0	1	0	1	0	3	2	0	0	0	0	1	0	1	0	0	3	0	2	0	0	0	0	0	0	0	1	2	1	0	1	1	0	0	0	0	1	2	0	1	0	0	0	1	0	0	1	1	1	0	0	1	0	1	1	0	0	0	0	0	0	0	0	0	1	2	1	0	0	0	0	1	0	0	0	0	2	0	0	0	2	0	0	0	0	0	0	0	0	1	1	0	0	0	0	0	0	3	3	0	0	1	0	1	0	0	0	1	0	0	0	0	1	0	1	0	0	0	0	0	0	0	1	1	0	0	1	0	0	0	0	1	0	0	1	1	0	0	0	0	1	0	0	0	1	0	0	0	0
T[T>G]T	0	1	0	0	0	1	1	0	2	0	0	1	0	0	0	0	0	0	0	0	0	0	0	1	5	0	0	1	0	0	0	0	0	1	0	0	0	0	0	0	0	0	0	0	0	0	1	2	0	1	0	0	1	1	0	1	1	1	0	0	1	0	0	0	1	0	0	0	0	0	0	0	2	0	1	0	0	0	0	0	0	2	0	0	0	0	0	1	1	0	0	0	0	0	0	0	0	0	1	1	0	2	2	0	0	1	0	0	0	1	3	0	1	4	0	0	7	3	0	1	2	0	0	0	0	2	0	0	0	1	4	0	0	1	0	1	0	0	0	0	2	0	0	0	1	1	0	0	1	0	0	0	0	0	0	0	0	0	0	0	0	0	0	0	0	1	1	0
