submitter_id	total_snvs	Ageing_CpG_prop	APOBEC_prop
TCGA-A1-A0SK	67	0.223880597014925	0.0597014925373134
TCGA-A1-A0SO	281	0.0747330960854093	0.0925266903914591
TCGA-A1-A0SP	49	0.224489795918367	0.0612244897959184
TCGA-A2-A04P	131	0.0763358778625954	0.099236641221374
TCGA-A2-A04Q	46	0.108695652173913	0.130434782608696
TCGA-A2-A04T	97	0.0927835051546392	0.0927835051546392
TCGA-A2-A04U	53	0.188679245283019	0.0566037735849057
TCGA-A2-A0CM	52	0.0769230769230769	0.461538461538462
TCGA-A2-A0D0	79	0.151898734177215	0.113924050632911
TCGA-A2-A0D2	83	0.0602409638554217	0.144578313253012
TCGA-A2-A0ST	18	0.111111111111111	0.277777777777778
TCGA-A2-A0SX	30	0.133333333333333	0.133333333333333
TCGA-A2-A0T0	173	0.0809248554913295	0.092485549132948
TCGA-A2-A0T2	26	0.269230769230769	0.115384615384615
TCGA-A2-A0YE	32	0.3125	0.125
TCGA-A2-A0YJ	75	0.213333333333333	0.0666666666666667
TCGA-A2-A0YM	79	0.30379746835443	0.20253164556962
TCGA-A2-A1G1	28	0.142857142857143	0.0714285714285714
TCGA-A2-A25F	2	0	0
TCGA-A2-A3XU	19	0.315789473684211	0
TCGA-A2-A3Y0	171	0.0994152046783626	0.128654970760234
TCGA-A2-A4S1	66	0.181818181818182	0.0757575757575758
TCGA-A7-A0CE	103	0.12621359223301	0.087378640776699
TCGA-A7-A0DA	143	0.0769230769230769	0.0839160839160839
TCGA-A7-A13D	284	0.140845070422535	0.123239436619718
TCGA-A7-A13E	127	0.362204724409449	0.062992125984252
TCGA-A7-A26F	73	0.219178082191781	0.136986301369863
TCGA-A7-A26G	54	0.0925925925925926	0.166666666666667
TCGA-A7-A26I	70	0.157142857142857	0.128571428571429
TCGA-A7-A4SE	86	0.0348837209302326	0.22093023255814
TCGA-A7-A5ZV	185	0.151351351351351	0.0864864864864865
TCGA-A7-A6VV	48	0.1875	0.145833333333333
TCGA-A7-A6VW	65	0.138461538461538	0.0769230769230769
TCGA-A7-A6VY	94	0.0957446808510638	0.148936170212766
TCGA-A8-A07O	42	0.333333333333333	0.285714285714286
TCGA-A8-A07R	217	0.0921658986175115	0.0921658986175115
TCGA-A8-A07U	65	0.153846153846154	0.292307692307692
TCGA-A8-A08R	246	0.0731707317073171	0.150406504065041
TCGA-AC-A2BK	69	0.217391304347826	0.0289855072463768
TCGA-AC-A2QH	55	0.381818181818182	0.109090909090909
TCGA-AC-A62X	52	0.461538461538462	0.0576923076923077
TCGA-AC-A6IW	147	0.136054421768708	0.333333333333333
TCGA-AC-A7VC	17	0.176470588235294	0
TCGA-AC-A8OQ	85	0.317647058823529	0.117647058823529
TCGA-AN-A04D	95	0.0842105263157895	0.0631578947368421
TCGA-AN-A0AL	76	0.0921052631578947	0.0921052631578947
TCGA-AN-A0AR	110	0.0818181818181818	0.109090909090909
TCGA-AN-A0AT	120	0.0583333333333333	0.0916666666666667
TCGA-AN-A0FJ	96	0.135416666666667	0.25
TCGA-AN-A0FL	167	0.143712574850299	0.131736526946108
TCGA-AN-A0FX	88	0.159090909090909	0.0909090909090909
TCGA-AN-A0G0	31	0.290322580645161	0.0645161290322581
TCGA-AN-A0XU	114	0.105263157894737	0.114035087719298
TCGA-AO-A0J4	112	0.0892857142857143	0.321428571428571
TCGA-AO-A0J6	96	0.104166666666667	0.15625
TCGA-AO-A124	130	0.123076923076923	0.0615384615384615
TCGA-AO-A128	988	0.324898785425101	0.0242914979757085
TCGA-AO-A12F	34	0.382352941176471	0
TCGA-AO-A1KR	71	0.112676056338028	0.126760563380282
TCGA-AQ-A04J	63	0.0634920634920635	0.0952380952380952
TCGA-AQ-A54N	56	0.142857142857143	0.0714285714285714
TCGA-AR-A0TP	56	0.0892857142857143	0.0535714285714286
TCGA-AR-A0TS	76	0.118421052631579	0.118421052631579
TCGA-AR-A0TU	75	0.133333333333333	0.12
TCGA-AR-A0U0	34	0.147058823529412	0.176470588235294
TCGA-AR-A0U1	88	0.0795454545454545	0.0568181818181818
TCGA-AR-A1AH	92	0.0978260869565217	0.0543478260869565
TCGA-AR-A1AI	72	0.152777777777778	0.208333333333333
TCGA-AR-A1AJ	36	0.277777777777778	0.305555555555556
TCGA-AR-A1AQ	31	0.225806451612903	0.129032258064516
TCGA-AR-A1AR	51	0.137254901960784	0.176470588235294
TCGA-AR-A1AY	56	0.214285714285714	0.142857142857143
TCGA-AR-A24Q	173	0.0520231213872832	0.15028901734104
TCGA-AR-A251	162	0.0679012345679012	0.12962962962963
TCGA-AR-A256	177	0.0790960451977401	0.135593220338983
TCGA-AR-A2LR	54	0.259259259259259	0.0555555555555556
TCGA-AR-A5QQ	62	0.0967741935483871	0.112903225806452
TCGA-B6-A0I2	55	0.181818181818182	0.363636363636364
TCGA-B6-A0I6	169	0.0946745562130178	0.0650887573964497
TCGA-B6-A0IJ	142	0.0704225352112676	0.154929577464789
TCGA-B6-A0RE	154	0.123376623376623	0.201298701298701
TCGA-B6-A0RT	50	0.1	0.18
TCGA-B6-A0RU	45	0.222222222222222	0.0888888888888889
TCGA-B6-A0WX	35	0.228571428571429	0.0285714285714286
TCGA-B6-A0X1	72	0.125	0.152777777777778
TCGA-B6-A1KF	54	0.240740740740741	0.148148148148148
TCGA-B6-A409	36	0.25	0.194444444444444
TCGA-BH-A0AV	66	0.0909090909090909	0.136363636363636
TCGA-BH-A0B3	38	0.210526315789474	0.210526315789474
TCGA-BH-A0B9	38	0.236842105263158	0.157894736842105
TCGA-BH-A0BL	54	0.166666666666667	0.0555555555555556
TCGA-BH-A0BW	74	0.135135135135135	0.108108108108108
TCGA-BH-A0DL	51	0.254901960784314	0.156862745098039
TCGA-BH-A0E0	37	0.405405405405405	0.027027027027027
TCGA-BH-A0RX	36	0.416666666666667	0.111111111111111
TCGA-BH-A0WA	98	0.102040816326531	0.163265306122449
TCGA-BH-A18G	1315	0.257794676806084	0.0106463878326996
TCGA-BH-A18Q	82	0.0975609756097561	0.109756097560976
TCGA-BH-A18T	87	0.103448275862069	0.137931034482759
TCGA-BH-A18V	196	0.0408163265306122	0.26530612244898
TCGA-BH-A1F0	67	0.149253731343284	0.149253731343284
TCGA-BH-A1F6	37	0.216216216216216	0.108108108108108
TCGA-BH-A1FC	97	0.195876288659794	0.237113402061856
TCGA-BH-A5IZ	67	0.149253731343284	0.0895522388059701
TCGA-C8-A12K	136	0.0514705882352941	0.257352941176471
TCGA-C8-A12V	41	0.121951219512195	0.0975609756097561
TCGA-C8-A131	58	0.258620689655172	0.103448275862069
TCGA-C8-A134	93	0.0645161290322581	0.0537634408602151
TCGA-C8-A1HJ	105	0.0761904761904762	0.0857142857142857
TCGA-C8-A27B	143	0.0699300699300699	0.34965034965035
TCGA-D8-A142	129	0.217054263565891	0.108527131782946
TCGA-D8-A143	44	0.181818181818182	0.0227272727272727
TCGA-D8-A147	154	0.0649350649350649	0.246753246753247
TCGA-D8-A1JK	202	0.0742574257425743	0.108910891089109
TCGA-D8-A1JL	110	0.0818181818181818	0.0818181818181818
TCGA-D8-A1JM	42	0.214285714285714	0.0476190476190476
TCGA-D8-A1XK	1038	0.10019267822736	0.0134874759152216
TCGA-D8-A1XQ	830	0.191566265060241	0.0373493975903615
TCGA-D8-A27F	59	0.0508474576271187	0.135593220338983
TCGA-D8-A27H	131	0.0687022900763359	0.229007633587786
TCGA-D8-A27M	60	0.166666666666667	0.1
TCGA-E2-A14N	84	0.0952380952380952	0.130952380952381
TCGA-E2-A14R	107	0.0747663551401869	0.121495327102804
TCGA-E2-A14X	31	0.387096774193548	0.193548387096774
TCGA-E2-A14Y	37	0.0810810810810811	0.432432432432432
TCGA-E2-A150	77	0.194805194805195	0.0779220779220779
TCGA-E2-A158	82	0.134146341463415	0.0487804878048781
TCGA-E2-A159	156	0.0961538461538462	0.506410256410256
TCGA-E2-A1AZ	53	0.169811320754717	0.264150943396226
TCGA-E2-A1B6	38	0.105263157894737	0.0789473684210526
TCGA-E2-A1II	26	0.115384615384615	0.0384615384615385
TCGA-E2-A1LG	160	0.08125	0.58125
TCGA-E2-A1LH	178	0.0842696629213483	0.213483146067416
TCGA-E2-A1LK	40	0.5	0.075
TCGA-E2-A1LL	40	0.15	0.075
TCGA-E2-A1LS	62	0.129032258064516	0.0806451612903226
TCGA-E2-A573	48	0.208333333333333	0.0833333333333333
TCGA-E2-A574	112	0.196428571428571	0.330357142857143
TCGA-E9-A1N8	25	0.16	0.16
TCGA-E9-A1N9	59	0.220338983050847	0.101694915254237
TCGA-E9-A1NC	69	0.115942028985507	0.130434782608696
TCGA-E9-A1ND	78	0.153846153846154	0.141025641025641
TCGA-E9-A22G	92	0.0652173913043478	0.0760869565217391
TCGA-E9-A243	71	0.0563380281690141	0.154929577464789
TCGA-E9-A244	91	0.175824175824176	0.054945054945055
TCGA-E9-A5FL	93	0.139784946236559	0.161290322580645
TCGA-EW-A1P4	63	0.126984126984127	0.0793650793650794
TCGA-EW-A1P8	34	0.205882352941176	0.0588235294117647
TCGA-EW-A1PB	144	0.0625	0.361111111111111
TCGA-EW-A1PH	43	0.348837209302326	0.0930232558139535
TCGA-EW-A6SB	58	0.241379310344828	0.103448275862069
TCGA-GM-A2DF	43	0.255813953488372	0.13953488372093
TCGA-GM-A3XL	95	0.126315789473684	0.2
TCGA-HN-A2NL	75	0.146666666666667	0.0533333333333333
TCGA-LL-A5YP	74	0.0540540540540541	0.121621621621622
TCGA-LL-A6FR	33	0.272727272727273	0.0606060606060606
TCGA-LL-A73Y	124	0.161290322580645	0.475806451612903
TCGA-LL-A8F5	136	0.132352941176471	0.102941176470588
TCGA-OL-A5D7	52	0.153846153846154	0.134615384615385
TCGA-OL-A5RW	166	0.072289156626506	0.343373493975904
TCGA-OL-A5S0	27	0.296296296296296	0.148148148148148
TCGA-OL-A66I	43	0.255813953488372	0.116279069767442
TCGA-OL-A6VO	21	0.285714285714286	0.0952380952380952
TCGA-PL-A8LV	108	0.0740740740740741	0.231481481481482
TCGA-PL-A8LZ	85	0.164705882352941	0.129411764705882
TCGA-S3-AA0Z	51	0.215686274509804	0.156862745098039
TCGA-S3-AA10	112	0.0625	0.133928571428571
TCGA-S3-AA15	25	0.12	0.32
