sample_id	n_variants	TMB_mut_per_Mb
TCGA-AO-A128-01A-11D-A10M-09	738	19.42105263157895
TCGA-D8-A1XQ-01A-11D-A14K-09	737	19.394736842105264
TCGA-A1-A0SO-01A-22D-A099-09	242	6.368421052631579
TCGA-A8-A08R-01A-11W-A050-09	186	4.894736842105263
TCGA-A8-A07R-01A-21W-A050-09	177	4.657894736842105
TCGA-D8-A1JK-01A-11D-A13L-09	167	4.394736842105263
TCGA-E2-A1LH-01A-11D-A14G-09	158	4.157894736842105
TCGA-BH-A18V-01A-11D-A12B-09	156	4.105263157894737
TCGA-AR-A256-01A-11D-A167-09	152	4.0
TCGA-A2-A0T0-01A-22D-A099-09	148	3.8947368421052633
TCGA-A7-A5ZV-01A-11D-A28B-09	148	3.8947368421052633
TCGA-AR-A251-01A-12D-A167-09	144	3.789473684210526
TCGA-OL-A5RW-01A-11D-A28B-09	137	3.6052631578947367
TCGA-A2-A3Y0-01A-11D-A23C-09	137	3.6052631578947367
TCGA-AN-A0FL-01A-11W-A050-09	136	3.5789473684210527
TCGA-A7-A0DA-01A-31D-A10Y-09	136	3.5789473684210527
TCGA-AR-A24Q-01A-12D-A167-09	134	3.526315789473684
TCGA-D8-A147-01A-11D-A10Y-09	133	3.5
TCGA-C8-A27B-01A-11D-A167-09	127	3.3421052631578947
TCGA-B6-A0RE-01A-11W-A071-09	123	3.236842105263158
TCGA-B6-A0IJ-01A-11W-A050-09	123	3.236842105263158
TCGA-LL-A8F5-01A-11D-A36J-09	120	3.1578947368421053
TCGA-E2-A159-01A-11D-A10Y-09	118	3.1052631578947367
TCGA-AO-A124-01A-11D-A10M-09	118	3.1052631578947367
TCGA-E2-A1LG-01A-21D-A14K-09	117	3.0789473684210527
TCGA-EW-A1PB-01A-11D-A142-09	116	3.0526315789473686
TCGA-A2-A04P-01A-31D-A128-09	112	2.9473684210526314
TCGA-D8-A27H-01A-11D-A16D-09	111	2.9210526315789473
TCGA-AN-A0XU-01A-11D-A10G-09	107	2.8157894736842106
TCGA-C8-A12K-01A-21D-A10Y-09	104	2.736842105263158
TCGA-AC-A6IW-01A-12D-A33E-09	103	2.710526315789474
TCGA-AN-A0AT-01A-11D-A045-09	101	2.6578947368421053
TCGA-S3-AA10-01A-21D-A41F-09	99	2.6052631578947367
TCGA-E2-A14R-01A-11D-A10Y-09	99	2.6052631578947367
TCGA-AN-A0AR-01A-11W-A019-09	98	2.5789473684210527
TCGA-LL-A73Y-01A-11D-A33E-09	95	2.5
TCGA-D8-A142-01A-11D-A10Y-09	92	2.4210526315789473
TCGA-AO-A0J6-01A-11W-A050-09	92	2.4210526315789473
TCGA-GM-A3XL-01A-11D-A22X-09	89	2.3421052631578947
TCGA-C8-A1HJ-01A-11D-A13L-09	89	2.3421052631578947
TCGA-AO-A0J4-01A-11W-A050-09	88	2.3157894736842106
TCGA-BH-A1FC-01A-11D-A13L-09	85	2.236842105263158
TCGA-A2-A04T-01A-21W-A050-09	85	2.236842105263158
TCGA-A7-A13D-01A-13D-A12Q-09	85	2.236842105263158
TCGA-BH-A0WA-01A-11D-A10G-09	85	2.236842105263158
TCGA-D8-A1JL-01A-11D-A13L-09	83	2.1842105263157894
TCGA-A7-A6VY-01A-12D-A33E-09	83	2.1842105263157894
TCGA-E2-A574-01A-11D-A29N-09	82	2.1578947368421053
TCGA-PL-A8LV-01A-21D-A41F-09	82	2.1578947368421053
TCGA-AN-A04D-01A-21W-A050-09	77	2.026315789473684
TCGA-AN-A0FX-01A-11W-A050-09	77	2.026315789473684
TCGA-A7-A0CE-01A-11W-A019-09	77	2.026315789473684
TCGA-A7-A4SE-01A-11D-A25Q-09	77	2.026315789473684
TCGA-C8-A134-01A-11D-A10Y-09	76	2.0
TCGA-A7-A13D-01B-04D-A272-09	76	2.0
TCGA-E9-A5FL-01A-11D-A27P-09	76	2.0
TCGA-A7-A13D-01A-13D-A272-09	76	2.0
TCGA-AN-A0FJ-01A-11W-A019-09	75	1.9736842105263157
TCGA-AN-A0AL-01A-11W-A019-09	74	1.9473684210526316
TCGA-E9-A244-01A-11D-A167-09	73	1.9210526315789473
TCGA-E9-A22G-01A-11D-A159-09	73	1.9210526315789473
TCGA-E2-A158-01A-11D-A12B-09	73	1.9210526315789473
TCGA-AR-A0U1-01A-11D-A10Y-09	73	1.9210526315789473
TCGA-PL-A8LZ-01A-31D-A36J-09	72	1.894736842105263
TCGA-E2-A14N-01A-31D-A135-09	72	1.894736842105263
TCGA-A2-A0D2-01A-21W-A050-09	72	1.894736842105263
TCGA-AC-A8OQ-01A-11D-A41F-09	70	1.8421052631578947
TCGA-AR-A1AH-01A-11D-A12B-09	69	1.8157894736842106
TCGA-B6-A0I6-01A-11D-A128-09	69	1.8157894736842106
TCGA-B6-A0I6-01A-11W-A100-09	69	1.8157894736842106
TCGA-BH-A0BW-01A-11D-A10Y-09	66	1.736842105263158
TCGA-AR-A0TS-01A-11D-A10Y-09	65	1.7105263157894737
TCGA-A2-A0YJ-01A-11D-A10G-09	64	1.6842105263157894
TCGA-E9-A1ND-01A-11D-A142-09	64	1.6842105263157894
TCGA-BH-A18T-01A-11D-A12B-09	64	1.6842105263157894
TCGA-BH-A18Q-01A-12D-A12B-09	64	1.6842105263157894
TCGA-A2-A0D0-01A-11W-A019-09	63	1.6578947368421053
TCGA-E9-A1NC-01A-12W-A16L-09	63	1.6578947368421053
TCGA-AC-A2BK-01A-11D-A21Q-09	62	1.631578947368421
TCGA-B6-A0X1-01A-11D-A10G-09	62	1.631578947368421
TCGA-HN-A2NL-01A-11D-A18P-09	62	1.631578947368421
TCGA-E2-A150-01A-11D-A12B-09	61	1.605263157894737
TCGA-AR-A1AI-01A-11D-A12Q-09	60	1.5789473684210527
TCGA-A2-A4S1-01A-21D-A25Q-09	60	1.5789473684210527
TCGA-AR-A0TU-01A-31D-A10G-09	60	1.5789473684210527
TCGA-A2-A0YM-01A-11D-A10G-09	59	1.5526315789473684
TCGA-LL-A5YP-01A-21D-A28B-09	58	1.5263157894736843
TCGA-E9-A243-01A-21D-A167-09	57	1.5
TCGA-E2-A1LS-01A-12D-A159-09	56	1.4736842105263157
TCGA-AR-A5QQ-01A-11D-A28B-09	56	1.4736842105263157
TCGA-EW-A1P4-01A-21D-A142-09	56	1.4736842105263157
TCGA-BH-A5IZ-01A-11D-A27P-09	55	1.4473684210526316
TCGA-AQ-A54N-01A-11D-A25Q-09	55	1.4473684210526316
TCGA-A1-A0SK-01A-12D-A099-09	54	1.4210526315789473
TCGA-AO-A1KR-01A-12D-A142-09	54	1.4210526315789473
TCGA-A7-A6VW-01A-21D-A33E-09	53	1.394736842105263
TCGA-BH-A0AV-01A-31D-A10Y-09	51	1.3421052631578947
TCGA-D8-A27F-01A-11D-A16D-09	51	1.3421052631578947
TCGA-D8-A27M-01A-11D-A16D-09	50	1.3157894736842106
TCGA-BH-A0BL-01A-11D-A10Y-09	49	1.2894736842105263
TCGA-AR-A0TP-01A-11D-A099-09	49	1.2894736842105263
TCGA-C8-A131-01A-11D-A10Y-09	48	1.263157894736842
TCGA-EW-A6SB-01A-12D-A32I-09	48	1.263157894736842
TCGA-AQ-A04J-01A-02W-A050-09	47	1.236842105263158
TCGA-AR-A2LR-01A-12D-A18P-09	47	1.236842105263158
TCGA-B6-A0I2-01A-11W-A050-09	45	1.1842105263157894
TCGA-B6-A0RT-01A-21D-A099-09	45	1.1842105263157894
TCGA-E2-A573-01A-11D-A29N-09	44	1.1578947368421053
TCGA-AR-A1AY-01A-21D-A12Q-09	44	1.1578947368421053
TCGA-A2-A04U-01A-11D-A10Y-09	44	1.1578947368421053
TCGA-A7-A13E-01A-11D-A12Q-09	44	1.1578947368421053
TCGA-A2-A0CM-01A-31W-A050-09	43	1.131578947368421
TCGA-A8-A07U-01A-11W-A050-09	43	1.131578947368421
TCGA-S3-AA0Z-01A-11D-A41F-09	43	1.131578947368421
TCGA-BH-A0DL-01A-11D-A10Y-09	42	1.105263157894737
TCGA-D8-A143-01A-11D-A10Y-09	42	1.105263157894737
TCGA-A7-A13E-01A-11D-A272-09	42	1.105263157894737
TCGA-AC-A62X-01A-11D-A29N-09	42	1.105263157894737
TCGA-E9-A1N9-01A-11D-A14G-09	42	1.105263157894737
TCGA-B6-A1KF-01A-11D-A13L-09	42	1.105263157894737
TCGA-OL-A5D7-01A-11D-A27P-09	42	1.105263157894737
TCGA-BH-A1F0-01A-11D-A135-09	41	1.0789473684210527
TCGA-A1-A0SP-01A-11D-A099-09	41	1.0789473684210527
TCGA-A7-A26G-01A-21D-A167-09	40	1.0526315789473684
TCGA-E2-A1AZ-01A-11D-A12Q-09	39	1.0263157894736843
TCGA-AR-A1AR-01A-31D-A135-09	39	1.0263157894736843
TCGA-B6-A0RU-01A-11D-A099-09	39	1.0263157894736843
TCGA-EW-A1PH-01A-11D-A14K-09	37	0.9736842105263158
TCGA-A7-A6VV-01A-22D-A33E-09	37	0.9736842105263158
TCGA-C8-A12V-01A-11D-A10Y-09	36	0.9473684210526315
TCGA-A7-A26F-01A-21D-A167-09	35	0.9210526315789473
TCGA-GM-A2DF-01A-11D-A17W-09	34	0.8947368421052632
TCGA-A7-A26I-01A-11D-A167-09	34	0.8947368421052632
TCGA-AR-A1AQ-01A-11D-A12Q-09	33	0.868421052631579
TCGA-BH-A0B3-01A-11W-A071-09	33	0.868421052631579
TCGA-A8-A07O-01A-11W-A019-09	32	0.8421052631578947
TCGA-A7-A26F-01B-04D-A22N-09	32	0.8421052631578947
TCGA-OL-A66I-01A-21D-A29N-09	32	0.8421052631578947
TCGA-AR-A1AJ-01A-21D-A12Q-09	31	0.8157894736842105
TCGA-AO-A12F-01A-11D-A10Y-09	31	0.8157894736842105
TCGA-BH-A0B9-01A-11W-A071-09	31	0.8157894736842105
TCGA-E2-A1LK-01A-21D-A14G-09	30	0.7894736842105263
TCGA-BH-A0RX-01A-21D-A099-09	30	0.7894736842105263
TCGA-A2-A04Q-01A-21W-A050-09	30	0.7894736842105263
TCGA-E2-A14Y-01A-21D-A12B-09	30	0.7894736842105263
TCGA-AR-A0U0-01A-11D-A10G-09	30	0.7894736842105263
TCGA-E2-A1LL-01A-11D-A142-09	30	0.7894736842105263
TCGA-AC-A2QH-01B-04D-A22N-09	29	0.7631578947368421
TCGA-LL-A6FR-01A-12D-A31U-09	28	0.7368421052631579
TCGA-A7-A26I-01B-06D-A22N-09	28	0.7368421052631579
TCGA-E2-A1B6-01A-31D-A12Q-09	28	0.7368421052631579
TCGA-D8-A1JM-01A-11D-A13L-09	28	0.7368421052631579
TCGA-BH-A0E0-01A-11W-A071-09	28	0.7368421052631579
TCGA-AN-A0G0-01A-11W-A050-09	27	0.7105263157894737
TCGA-B6-A0WX-01A-11D-A10G-09	25	0.6578947368421053
TCGA-OL-A5S0-01A-11D-A28B-09	25	0.6578947368421053
TCGA-EW-A1P8-01A-11D-A142-09	25	0.6578947368421053
TCGA-E9-A1N8-01A-11D-A142-09	24	0.631578947368421
TCGA-BH-A1F6-01A-11D-A13L-09	24	0.631578947368421
TCGA-A2-A1G1-01A-21D-A13L-09	24	0.631578947368421
TCGA-A2-A0SX-01A-12D-A099-09	23	0.6052631578947368
TCGA-B6-A409-01A-11D-A243-09	23	0.6052631578947368
TCGA-A2-A0YE-01A-11D-A10G-09	22	0.5789473684210527
TCGA-E2-A1II-01A-11D-A142-09	22	0.5789473684210527
TCGA-A2-A0T2-01A-11W-A097-09	22	0.5789473684210527
TCGA-AC-A2QH-01A-11D-A18P-09	22	0.5789473684210527
TCGA-E2-A14X-01A-11D-A10Y-09	20	0.5263157894736842
TCGA-S3-AA15-01A-11D-A41F-09	20	0.5263157894736842
TCGA-A7-A13E-01B-06D-A272-09	18	0.47368421052631576
TCGA-OL-A6VO-01A-12D-A33E-09	16	0.42105263157894735
TCGA-A2-A3XU-01A-12D-A22X-09	16	0.42105263157894735
TCGA-AC-A7VC-01A-11D-A351-09	14	0.3684210526315789
TCGA-A2-A0ST-01A-12D-A099-09	9	0.23684210526315788
TCGA-A2-A25F-01A-11D-A167-09	1	0.02631578947368421
